State,COVID-19 Deaths,Age Group,Population,COVID-19 Deaths per Million
Alabama,0.0,1-4 years,236464.0,0.0
Alabama,0.0,15-24 years,315680.0,0.0
Alabama,0.0,15-24 years,325220.0,0.0
Alabama,0.0,25-34 years,340014.0,0.0
Alabama,0.0,25-34 years,303526.0,0.0
Alabama,16.0,35-44 years,303994.0,52.63
Alabama,16.0,35-44 years,288308.0,55.5
Alabama,69.0,45-54 years,312966.0,220.47
Alabama,69.0,45-54 years,314492.0,219.4
Alabama,0.0,5-14 years,297900.0,0.0
Alabama,0.0,5-14 years,310495.0,0.0
Alabama,144.0,55-64 years,336811.0,427.54
Alabama,144.0,55-64 years,318368.0,452.31
Alabama,258.0,65-74 years,270799.0,952.74
Alabama,258.0,65-74 years,216922.0,1189.37
Alabama,273.0,75-84 years,150858.0,1809.65
Alabama,273.0,75-84 years,98450.0,2772.98
Alabama,254.0,85 years and over,89865.0,2826.46
Alabama,0.0,Under 1 year,56739.0,0.0
Alaska,0.0,1-4 years,42450.0,0.0
Alaska,0.0,15-24 years,46263.0,0.0
Alaska,0.0,15-24 years,53000.0,0.0
Alaska,0.0,25-34 years,61672.0,0.0
Alaska,0.0,25-34 years,57193.0,0.0
Alaska,0.0,35-44 years,51672.0,0.0
Alaska,0.0,35-44 years,42978.0,0.0
Alaska,0.0,45-54 years,43558.0,0.0
Alaska,0.0,45-54 years,44559.0,0.0
Alaska,0.0,5-14 years,52056.0,0.0
Alaska,0.0,5-14 years,49759.0,0.0
Alaska,0.0,55-64 years,49246.0,0.0
Alaska,0.0,55-64 years,45356.0,0.0
Alaska,0.0,65-74 years,35078.0,0.0
Alaska,0.0,65-74 years,23477.0,0.0
Alaska,0.0,75-84 years,13893.0,0.0
Alaska,0.0,75-84 years,7710.0,0.0
Alaska,0.0,85 years and over,6853.0,0.0
Alaska,0.0,Under 1 year,10665.0,0.0
Arizona,0.0,1-4 years,352383.0,0.0
Arizona,0.0,15-24 years,473794.0,0.0
Arizona,0.0,15-24 years,492176.0,0.0
Arizona,26.0,25-34 years,517980.0,50.19
Arizona,26.0,25-34 years,467865.0,55.57
Arizona,36.0,35-44 years,458887.0,78.45
Arizona,36.0,35-44 years,421544.0,85.4
Arizona,93.0,45-54 years,432165.0,215.2
Arizona,93.0,45-54 years,418625.0,222.16
Arizona,0.0,5-14 years,451726.0,0.0
Arizona,0.0,5-14 years,476421.0,0.0
Arizona,200.0,55-64 years,442085.0,452.4
Arizona,200.0,55-64 years,424192.0,471.48
Arizona,304.0,65-74 years,389729.0,780.03
Arizona,304.0,65-74 years,336433.0,903.6
Arizona,429.0,75-84 years,239494.0,1791.28
Arizona,429.0,75-84 years,150319.0,2853.93
Arizona,450.0,85 years and over,142275.0,3162.89
Arizona,0.0,Under 1 year,83553.0,0.0
Arkansas,0.0,1-4 years,153442.0,0.0
Arkansas,0.0,15-24 years,197707.0,0.0
Arkansas,0.0,15-24 years,201638.0,0.0
Arkansas,0.0,25-34 years,206497.0,0.0
Arkansas,0.0,25-34 years,190091.0,0.0
Arkansas,0.0,35-44 years,191673.0,0.0
Arkansas,0.0,35-44 years,176845.0,0.0
Arkansas,0.0,45-54 years,184172.0,0.0
Arkansas,0.0,45-54 years,184495.0,0.0
Arkansas,0.0,5-14 years,193284.0,0.0
Arkansas,0.0,5-14 years,200786.0,0.0
Arkansas,38.0,55-64 years,198163.0,191.76
Arkansas,38.0,55-64 years,186304.0,203.97
Arkansas,28.0,65-74 years,162561.0,172.24
Arkansas,28.0,65-74 years,133450.0,209.82
Arkansas,68.0,75-84 years,95234.0,714.03
Arkansas,68.0,75-84 years,61565.0,1104.52
Arkansas,69.0,85 years and over,59017.0,1169.15
Arkansas,0.0,Under 1 year,36901.0,0.0
California,0.0,1-4 years,1963980.0,0.0
California,0.0,15-24 years,2545375.0,0.0
California,0.0,15-24 years,2711800.0,0.0
California,33.0,25-34 years,3125816.0,10.56
California,33.0,25-34 years,2917983.0,11.31
California,145.0,35-44 years,2754980.0,52.63
California,145.0,35-44 years,2500691.0,57.98
California,370.0,45-54 years,2568083.0,144.08
California,370.0,45-54 years,2503891.0,147.77
California,0.0,5-14 years,2488902.0,0.0
California,0.0,5-14 years,2547973.0,0.0
California,757.0,55-64 years,2518810.0,300.54
California,757.0,55-64 years,2262416.0,334.6
California,1185.0,65-74 years,1853102.0,639.47
California,1185.0,65-74 years,1432312.0,827.33
California,1432.0,75-84 years,976718.0,1466.13
California,1432.0,75-84 years,663308.0,2158.88
California,1864.0,85 years and over,743585.0,2506.77
California,0.0,Under 1 year,477320.0,0.0
Colorado,0.0,1-4 years,270729.0,0.0
Colorado,0.0,15-24 years,363364.0,0.0
Colorado,0.0,15-24 years,378514.0,0.0
Colorado,0.0,25-34 years,453907.0,0.0
Colorado,0.0,25-34 years,440515.0,0.0
Colorado,10.0,35-44 years,415058.0,24.09
Colorado,10.0,35-44 years,365021.0,27.4
Colorado,59.0,45-54 years,367581.0,160.51
Colorado,59.0,45-54 years,342590.0,172.22
Colorado,0.0,5-14 years,347953.0,0.0
Colorado,0.0,5-14 years,365378.0,0.0
Colorado,135.0,55-64 years,367276.0,367.57
Colorado,135.0,55-64 years,343324.0,393.21
Colorado,299.0,65-74 years,288077.0,1037.92
Colorado,299.0,65-74 years,212721.0,1405.6
Colorado,440.0,75-84 years,134107.0,3280.96
Colorado,440.0,75-84 years,84960.0,5178.91
Colorado,586.0,85 years and over,88364.0,6631.66
Colorado,0.0,Under 1 year,66125.0,0.0
Connecticut,0.0,1-4 years,148021.0,0.0
Connecticut,0.0,15-24 years,241904.0,0.0
Connecticut,0.0,15-24 years,243116.0,0.0
Connecticut,0.0,25-34 years,222923.0,0.0
Connecticut,0.0,25-34 years,222467.0,0.0
Connecticut,13.0,35-44 years,217876.0,59.67
Connecticut,13.0,35-44 years,205460.0,63.27
Connecticut,82.0,45-54 years,234976.0,348.97
Connecticut,82.0,45-54 years,259975.0,315.41
Connecticut,0.0,5-14 years,196011.0,0.0
Connecticut,0.0,5-14 years,217897.0,0.0
Connecticut,305.0,55-64 years,269467.0,1131.86
Connecticut,305.0,55-64 years,242338.0,1258.57
Connecticut,660.0,65-74 years,190320.0,3467.84
Connecticut,660.0,65-74 years,153250.0,4306.69
Connecticut,1004.0,75-84 years,107386.0,9349.45
Connecticut,1004.0,75-84 years,72294.0,13887.74
Connecticut,1729.0,85 years and over,91871.0,18819.87
Connecticut,0.0,Under 1 year,35113.0,0.0
Delaware,0.0,1-4 years,44166.0,0.0
Delaware,0.0,15-24 years,60363.0,0.0
Delaware,0.0,15-24 years,58349.0,0.0
Delaware,0.0,25-34 years,66980.0,0.0
Delaware,0.0,25-34 years,62083.0,0.0
Delaware,0.0,35-44 years,58850.0,0.0
Delaware,0.0,35-44 years,52618.0,0.0
Delaware,24.0,45-54 years,58432.0,410.73
Delaware,24.0,45-54 years,64059.0,374.65
Delaware,0.0,5-14 years,56247.0,0.0
Delaware,0.0,5-14 years,57654.0,0.0
Delaware,43.0,55-64 years,68793.0,625.06
Delaware,43.0,55-64 years,66846.0,643.27
Delaware,96.0,65-74 years,59514.0,1613.07
Delaware,96.0,65-74 years,48680.0,1972.06
Delaware,126.0,75-84 years,32805.0,3840.88
Delaware,126.0,75-84 years,20250.0,6222.22
Delaware,182.0,85 years and over,19837.0,9174.77
Delaware,0.0,Under 1 year,10645.0,0.0
District of Columbia,0.0,1-4 years,35747.0,0.0
District of Columbia,0.0,15-24 years,36900.0,0.0
District of Columbia,0.0,15-24 years,52924.0,0.0
District of Columbia,0.0,25-34 years,83096.0,0.0
District of Columbia,0.0,25-34 years,80991.0,0.0
District of Columbia,10.0,35-44 years,62212.0,160.74
District of Columbia,10.0,35-44 years,43462.0,230.09
District of Columbia,49.0,45-54 years,38787.0,1263.31
District of Columbia,49.0,45-54 years,36666.0,1336.39
District of Columbia,0.0,5-14 years,37622.0,0.0
District of Columbia,0.0,5-14 years,28573.0,0.0
District of Columbia,88.0,55-64 years,36676.0,2399.39
District of Columbia,88.0,55-64 years,33626.0,2617.02
District of Columbia,155.0,65-74 years,27984.0,5538.88
District of Columbia,155.0,65-74 years,21120.0,7339.02
District of Columbia,121.0,75-84 years,14419.0,8391.71
District of Columbia,121.0,75-84 years,9627.0,12568.82
District of Columbia,118.0,85 years and over,12153.0,9709.54
District of Columbia,0.0,Under 1 year,9870.0,0.0
Florida,0.0,1-4 years,921143.0,0.0
Florida,0.0,15-24 years,1206422.0,0.0
Florida,0.0,15-24 years,1269823.0,0.0
Florida,0.0,25-34 years,1436477.0,0.0
Florida,0.0,25-34 years,1351778.0,0.0
Florida,53.0,35-44 years,1318582.0,40.19
Florida,53.0,35-44 years,1250182.0,42.39
Florida,128.0,45-54 years,1351855.0,94.68
Florida,128.0,45-54 years,1394517.0,91.79
Florida,0.0,5-14 years,1157587.0,0.0
Florida,0.0,5-14 years,1206247.0,0.0
Florida,287.0,55-64 years,1470580.0,195.16
Florida,287.0,55-64 years,1384021.0,207.37
Florida,672.0,65-74 years,1271880.0,528.35
Florida,672.0,65-74 years,1126022.0,596.79
Florida,935.0,75-84 years,833186.0,1122.2
Florida,935.0,75-84 years,555564.0,1682.97
Florida,1106.0,85 years and over,571419.0,1935.53
Florida,0.0,Under 1 year,222040.0,0.0
Georgia,0.0,1-4 years,530462.0,0.0
Georgia,0.0,15-24 years,728370.0,0.0
Georgia,0.0,15-24 years,716652.0,0.0
Georgia,17.0,25-34 years,767745.0,22.14
Georgia,17.0,25-34 years,705501.0,24.1
Georgia,28.0,35-44 years,705228.0,39.7
Georgia,28.0,35-44 years,667374.0,41.96
Georgia,136.0,45-54 years,718419.0,189.3
Georgia,136.0,45-54 years,693019.0,196.24
Georgia,0.0,5-14 years,685904.0,0.0
Georgia,0.0,5-14 years,727758.0,0.0
Georgia,286.0,55-64 years,682347.0,419.14
Georgia,286.0,55-64 years,603335.0,474.03
Georgia,536.0,65-74 years,500976.0,1069.91
Georgia,536.0,65-74 years,394443.0,1358.88
Georgia,631.0,75-84 years,259740.0,2429.35
Georgia,631.0,75-84 years,158617.0,3978.14
Georgia,584.0,85 years and over,146633.0,3982.73
Georgia,0.0,Under 1 year,126952.0,0.0
Hawaii,0.0,1-4 years,70480.0,0.0
Hawaii,0.0,15-24 years,77179.0,0.0
Hawaii,0.0,15-24 years,90951.0,0.0
Hawaii,0.0,25-34 years,103977.0,0.0
Hawaii,0.0,25-34 years,99029.0,0.0
Hawaii,0.0,35-44 years,96796.0,0.0
Hawaii,0.0,35-44 years,83714.0,0.0
Hawaii,0.0,45-54 years,85505.0,0.0
Hawaii,0.0,45-54 years,85119.0,0.0
Hawaii,0.0,5-14 years,86869.0,0.0
Hawaii,0.0,5-14 years,81954.0,0.0
Hawaii,0.0,55-64 years,90807.0,0.0
Hawaii,0.0,55-64 years,89920.0,0.0
Hawaii,0.0,65-74 years,82492.0,0.0
Hawaii,0.0,65-74 years,66441.0,0.0
Hawaii,0.0,75-84 years,42395.0,0.0
Hawaii,0.0,75-84 years,28595.0,0.0
Hawaii,0.0,85 years and over,41044.0,0.0
Hawaii,0.0,Under 1 year,17224.0,0.0
Idaho,0.0,1-4 years,93991.0,0.0
Idaho,0.0,15-24 years,124506.0,0.0
Idaho,0.0,15-24 years,114894.0,0.0
Idaho,0.0,25-34 years,119176.0,0.0
Idaho,0.0,25-34 years,112206.0,0.0
Idaho,0.0,35-44 years,115383.0,0.0
Idaho,0.0,35-44 years,104646.0,0.0
Idaho,0.0,45-54 years,101672.0,0.0
Idaho,0.0,45-54 years,98253.0,0.0
Idaho,0.0,5-14 years,122965.0,0.0
Idaho,0.0,5-14 years,131036.0,0.0
Idaho,0.0,55-64 years,108608.0,0.0
Idaho,0.0,55-64 years,106242.0,0.0
Idaho,13.0,65-74 years,94545.0,137.5
Idaho,13.0,65-74 years,73696.0,176.4
Idaho,28.0,75-84 years,50168.0,558.12
Idaho,28.0,75-84 years,30454.0,919.42
Idaho,38.0,85 years and over,29419.0,1291.68
Idaho,0.0,Under 1 year,22348.0,0.0
Illinois,0.0,1-4 years,612996.0,0.0
Illinois,0.0,15-24 years,828205.0,0.0
Illinois,0.0,15-24 years,847502.0,0.0
Illinois,51.0,25-34 years,903780.0,56.43
Illinois,51.0,25-34 years,866001.0,58.89
Illinois,139.0,35-44 years,854521.0,162.66
Illinois,139.0,35-44 years,785204.0,177.02
Illinois,368.0,45-54 years,817893.0,449.94
Illinois,368.0,45-54 years,821957.0,447.71
Illinois,0.0,5-14 years,778102.0,0.0
Illinois,0.0,5-14 years,819148.0,0.0
Illinois,808.0,55-64 years,867598.0,931.31
Illinois,808.0,55-64 years,797589.0,1013.05
Illinois,1366.0,65-74 years,649574.0,2102.92
Illinois,1366.0,65-74 years,492679.0,2772.6
Illinois,1585.0,75-84 years,348421.0,4549.09
Illinois,1585.0,75-84 years,235613.0,6727.13
Illinois,1961.0,85 years and over,266674.0,7353.55
Illinois,0.0,Under 1 year,147623.0,0.0
Indiana,0.0,1-4 years,338005.0,0.0
Indiana,0.0,15-24 years,455653.0,0.0
Indiana,0.0,15-24 years,471214.0,0.0
Indiana,0.0,25-34 years,458859.0,0.0
Indiana,0.0,25-34 years,418579.0,0.0
Indiana,11.0,35-44 years,425918.0,25.83
Indiana,11.0,35-44 years,396284.0,27.76
Indiana,74.0,45-54 years,419086.0,176.57
Indiana,74.0,45-54 years,420738.0,175.88
Indiana,0.0,5-14 years,430106.0,0.0
Indiana,0.0,5-14 years,448590.0,0.0
Indiana,249.0,55-64 years,450922.0,552.2
Indiana,249.0,55-64 years,422364.0,589.54
Indiana,538.0,65-74 years,350525.0,1534.84
Indiana,538.0,65-74 years,265056.0,2029.76
Indiana,714.0,75-84 years,185913.0,3840.51
Indiana,714.0,75-84 years,122717.0,5818.26
Indiana,905.0,85 years and over,130810.0,6918.43
Indiana,0.0,Under 1 year,80539.0,0.0
Iowa,0.0,1-4 years,159927.0,0.0
Iowa,0.0,15-24 years,214122.0,0.0
Iowa,0.0,15-24 years,227778.0,0.0
Iowa,0.0,25-34 years,204286.0,0.0
Iowa,0.0,25-34 years,193429.0,0.0
Iowa,0.0,35-44 years,202104.0,0.0
Iowa,0.0,35-44 years,177831.0,0.0
Iowa,14.0,45-54 years,182267.0,76.81
Iowa,14.0,45-54 years,189064.0,74.05
Iowa,0.0,5-14 years,201115.0,0.0
Iowa,0.0,5-14 years,208564.0,0.0
Iowa,77.0,55-64 years,213907.0,359.97
Iowa,77.0,55-64 years,203630.0,378.14
Iowa,145.0,65-74 years,172693.0,839.64
Iowa,145.0,65-74 years,128180.0,1131.22
Iowa,144.0,75-84 years,92687.0,1553.62
Iowa,144.0,75-84 years,67179.0,2143.53
Iowa,232.0,85 years and over,79091.0,2933.33
Iowa,0.0,Under 1 year,38291.0,0.0
Kansas,0.0,1-4 years,152896.0,0.0
Kansas,0.0,15-24 years,200274.0,0.0
Kansas,0.0,15-24 years,213020.0,0.0
Kansas,0.0,25-34 years,195035.0,0.0
Kansas,0.0,25-34 years,187849.0,0.0
Kansas,0.0,35-44 years,189972.0,0.0
Kansas,0.0,35-44 years,166350.0,0.0
Kansas,0.0,45-54 years,166989.0,0.0
Kansas,0.0,45-54 years,168948.0,0.0
Kansas,0.0,5-14 years,197621.0,0.0
Kansas,0.0,5-14 years,200446.0,0.0
Kansas,39.0,55-64 years,191689.0,203.45
Kansas,39.0,55-64 years,181736.0,214.6
Kansas,45.0,65-74 years,150262.0,299.48
Kansas,45.0,65-74 years,112595.0,399.66
Kansas,52.0,75-84 years,78411.0,663.17
Kansas,52.0,75-84 years,55437.0,938.0
Kansas,94.0,85 years and over,65536.0,1434.33
Kansas,0.0,Under 1 year,36439.0,0.0
Kentucky,0.0,1-4 years,221855.0,0.0
Kentucky,0.0,15-24 years,287105.0,0.0
Kentucky,0.0,15-24 years,301530.0,0.0
Kentucky,0.0,25-34 years,310326.0,0.0
Kentucky,0.0,25-34 years,274781.0,0.0
Kentucky,0.0,35-44 years,283045.0,0.0
Kentucky,0.0,35-44 years,268904.0,0.0
Kentucky,0.0,45-54 years,285632.0,0.0
Kentucky,0.0,45-54 years,291182.0,0.0
Kentucky,0.0,5-14 years,276726.0,0.0
Kentucky,0.0,5-14 years,285788.0,0.0
Kentucky,54.0,55-64 years,307881.0,175.39
Kentucky,54.0,55-64 years,289464.0,186.55
Kentucky,124.0,65-74 years,245059.0,506.0
Kentucky,124.0,65-74 years,190146.0,652.13
Kentucky,135.0,75-84 years,130899.0,1031.33
Kentucky,135.0,75-84 years,83904.0,1608.98
Kentucky,209.0,85 years and over,80618.0,2592.47
Kentucky,0.0,Under 1 year,53557.0,0.0
Louisiana,0.0,1-4 years,247264.0,0.0
Louisiana,0.0,15-24 years,296013.0,0.0
Louisiana,0.0,15-24 years,309308.0,0.0
Louisiana,14.0,25-34 years,343819.0,40.72
Louisiana,14.0,25-34 years,323363.0,43.29
Louisiana,61.0,35-44 years,313687.0,194.46
Louisiana,61.0,35-44 years,269839.0,226.06
Louisiana,148.0,45-54 years,275446.0,537.31
Louisiana,148.0,45-54 years,287860.0,514.14
Louisiana,0.0,5-14 years,301567.0,0.0
Louisiana,0.0,5-14 years,307358.0,0.0
Louisiana,395.0,55-64 years,312333.0,1264.68
Louisiana,395.0,55-64 years,293933.0,1343.84
Louisiana,645.0,65-74 years,242885.0,2655.58
Louisiana,645.0,65-74 years,185061.0,3485.34
Louisiana,836.0,75-84 years,126634.0,6601.7
Louisiana,836.0,75-84 years,82803.0,10096.25
Louisiana,757.0,85 years and over,81050.0,9339.91
Louisiana,0.0,Under 1 year,59755.0,0.0
Maine,0.0,1-4 years,51873.0,0.0
Maine,0.0,15-24 years,77391.0,0.0
Maine,0.0,15-24 years,75024.0,0.0
Maine,0.0,25-34 years,80641.0,0.0
Maine,0.0,25-34 years,79699.0,0.0
Maine,0.0,35-44 years,78163.0,0.0
Maine,0.0,35-44 years,74220.0,0.0
Maine,0.0,45-54 years,85710.0,0.0
Maine,0.0,45-54 years,94463.0,0.0
Maine,0.0,5-14 years,67596.0,0.0
Maine,0.0,5-14 years,73235.0,0.0
Maine,0.0,55-64 years,107152.0,0.0
Maine,0.0,55-64 years,104829.0,0.0
Maine,17.0,65-74 years,91727.0,185.33
Maine,17.0,65-74 years,71640.0,237.3
Maine,32.0,75-84 years,47585.0,672.48
Maine,32.0,75-84 years,31628.0,1011.76
Maine,44.0,85 years and over,33419.0,1316.62
Maine,0.0,Under 1 year,12409.0,0.0
Maryland,0.0,1-4 years,293661.0,0.0
Maryland,0.0,15-24 years,381504.0,0.0
Maryland,0.0,15-24 years,376550.0,0.0
Maryland,29.0,25-34 years,418434.0,69.31
Maryland,29.0,25-34 years,416178.0,69.68
Maryland,63.0,35-44 years,407402.0,154.64
Maryland,63.0,35-44 years,366399.0,171.94
Maryland,152.0,45-54 years,397341.0,382.54
Maryland,152.0,45-54 years,421586.0,360.54
Maryland,0.0,5-14 years,370444.0,0.0
Maryland,0.0,5-14 years,378506.0,0.0
Maryland,409.0,55-64 years,432313.0,946.07
Maryland,409.0,55-64 years,380421.0,1075.12
Maryland,650.0,65-74 years,307278.0,2115.35
Maryland,650.0,65-74 years,238174.0,2729.1
Maryland,928.0,75-84 years,162850.0,5698.5
Maryland,928.0,75-84 years,104431.0,8886.25
Maryland,1111.0,85 years and over,118403.0,9383.21
Maryland,0.0,Under 1 year,70843.0,0.0
Massachusetts,0.0,1-4 years,289374.0,0.0
Massachusetts,0.0,15-24 years,455406.0,0.0
Massachusetts,0.0,15-24 years,494067.0,0.0
Massachusetts,0.0,25-34 years,507860.0,0.0
Massachusetts,0.0,25-34 years,485053.0,0.0
Massachusetts,27.0,35-44 years,440081.0,61.35
Massachusetts,27.0,35-44 years,400571.0,67.4
Massachusetts,139.0,45-54 years,443793.0,313.21
Massachusetts,139.0,45-54 years,477738.0,290.95
Massachusetts,0.0,5-14 years,370010.0,0.0
Massachusetts,0.0,5-14 years,389142.0,0.0
Massachusetts,498.0,55-64 years,492474.0,1011.22
Massachusetts,498.0,55-64 years,446693.0,1114.86
Massachusetts,1148.0,65-74 years,367250.0,3125.94
Massachusetts,1148.0,65-74 years,286579.0,4005.88
Massachusetts,2087.0,75-84 years,193337.0,10794.62
Massachusetts,2087.0,75-84 years,132082.0,15800.79
Massachusetts,3613.0,85 years and over,159852.0,22602.16
Massachusetts,0.0,Under 1 year,70787.0,0.0
Michigan,0.0,1-4 years,461862.0,0.0
Michigan,0.0,15-24 years,653747.0,0.0
Michigan,0.0,15-24 years,694627.0,0.0
Michigan,36.0,25-34 years,694454.0,51.84
Michigan,36.0,25-34 years,602197.0,59.78
Michigan,78.0,35-44 years,599690.0,130.07
Michigan,78.0,35-44 years,563499.0,138.42
Michigan,302.0,45-54 years,629912.0,479.43
Michigan,302.0,45-54 years,660148.0,457.47
Michigan,0.0,5-14 years,586648.0,0.0
Michigan,0.0,5-14 years,619422.0,0.0
Michigan,666.0,55-64 years,716278.0,929.81
Michigan,666.0,55-64 years,686526.0,970.1
Michigan,1303.0,65-74 years,571956.0,2278.15
Michigan,1303.0,65-74 years,432746.0,3011.0
Michigan,1441.0,75-84 years,302102.0,4769.91
Michigan,1441.0,75-84 years,195814.0,7359.02
Michigan,1630.0,85 years and over,213986.0,7617.32
Michigan,0.0,Under 1 year,110301.0,0.0
Minnesota,0.0,1-4 years,286725.0,0.0
Minnesota,0.0,15-24 years,357809.0,0.0
Minnesota,0.0,15-24 years,360065.0,0.0
Minnesota,0.0,25-34 years,376534.0,0.0
Minnesota,0.0,25-34 years,384391.0,0.0
Minnesota,0.0,35-44 years,383690.0,0.0
Minnesota,0.0,35-44 years,326575.0,0.0
Minnesota,0.0,45-54 years,336922.0,0.0
Minnesota,0.0,45-54 years,354569.0,0.0
Minnesota,0.0,5-14 years,360434.0,0.0
Minnesota,0.0,5-14 years,370652.0,0.0
Minnesota,90.0,55-64 years,394922.0,227.89
Minnesota,90.0,55-64 years,359523.0,250.33
Minnesota,203.0,65-74 years,294482.0,689.35
Minnesota,203.0,65-74 years,215698.0,941.13
Minnesota,369.0,75-84 years,153154.0,2409.34
Minnesota,369.0,75-84 years,104784.0,3521.53
Minnesota,629.0,85 years and over,121684.0,5169.13
Minnesota,0.0,Under 1 year,68566.0,0.0
Mississippi,0.0,1-4 years,149599.0,0.0
Mississippi,0.0,15-24 years,205933.0,0.0
Mississippi,0.0,15-24 years,206761.0,0.0
Mississippi,0.0,25-34 years,209411.0,0.0
Mississippi,0.0,25-34 years,184895.0,0.0
Mississippi,21.0,35-44 years,189869.0,110.6
Mississippi,21.0,35-44 years,175129.0,119.91
Mississippi,74.0,45-54 years,184333.0,401.45
Mississippi,74.0,45-54 years,184460.0,401.17
Mississippi,0.0,5-14 years,192967.0,0.0
Mississippi,0.0,5-14 years,206927.0,0.0
Mississippi,155.0,55-64 years,198698.0,780.08
Mississippi,155.0,55-64 years,187195.0,828.01
Mississippi,235.0,65-74 years,157411.0,1492.91
Mississippi,235.0,65-74 years,123174.0,1907.87
Mississippi,275.0,75-84 years,85408.0,3219.84
Mississippi,275.0,75-84 years,56141.0,4898.38
Mississippi,247.0,85 years and over,52341.0,4719.05
Mississippi,0.0,Under 1 year,35878.0,0.0
Missouri,0.0,1-4 years,300455.0,0.0
Missouri,0.0,15-24 years,391387.0,0.0
Missouri,0.0,15-24 years,409228.0,0.0
Missouri,0.0,25-34 years,426568.0,0.0
Missouri,0.0,25-34 years,396937.0,0.0
Missouri,0.0,35-44 years,394342.0,0.0
Missouri,0.0,35-44 years,350197.0,0.0
Missouri,19.0,45-54 years,369939.0,51.36
Missouri,19.0,45-54 years,381749.0,49.77
Missouri,0.0,5-14 years,377947.0,0.0
Missouri,0.0,5-14 years,391940.0,0.0
Missouri,91.0,55-64 years,430286.0,211.49
Missouri,91.0,55-64 years,399255.0,227.92
Missouri,180.0,65-74 years,332509.0,541.34
Missouri,180.0,65-74 years,260068.0,692.13
Missouri,246.0,75-84 years,185960.0,1322.87
Missouri,246.0,75-84 years,123543.0,1991.21
Missouri,349.0,85 years and over,131884.0,2646.26
Missouri,0.0,Under 1 year,72258.0,0.0
Montana,0.0,1-4 years,50437.0,0.0
Montana,0.0,15-24 years,64023.0,0.0
Montana,0.0,15-24 years,72513.0,0.0
Montana,0.0,25-34 years,71120.0,0.0
Montana,0.0,25-34 years,66343.0,0.0
Montana,0.0,35-44 years,67394.0,0.0
Montana,0.0,35-44 years,59002.0,0.0
Montana,0.0,45-54 years,58886.0,0.0
Montana,0.0,45-54 years,61392.0,0.0
Montana,0.0,5-14 years,63526.0,0.0
Montana,0.0,5-14 years,65281.0,0.0
Montana,0.0,55-64 years,74523.0,0.0
Montana,0.0,55-64 years,76864.0,0.0
Montana,0.0,65-74 years,68722.0,0.0
Montana,0.0,65-74 years,50861.0,0.0
Montana,0.0,75-84 years,34678.0,0.0
Montana,0.0,75-84 years,21946.0,0.0
Montana,0.0,85 years and over,22695.0,0.0
Montana,0.0,Under 1 year,12099.0,0.0
Nebraska,0.0,1-4 years,107159.0,0.0
Nebraska,0.0,15-24 years,131579.0,0.0
Nebraska,0.0,15-24 years,137180.0,0.0
Nebraska,0.0,25-34 years,128475.0,0.0
Nebraska,0.0,25-34 years,127248.0,0.0
Nebraska,0.0,35-44 years,128339.0,0.0
Nebraska,0.0,35-44 years,110972.0,0.0
Nebraska,0.0,45-54 years,109690.0,0.0
Nebraska,0.0,45-54 years,110281.0,0.0
Nebraska,0.0,5-14 years,132340.0,0.0
Nebraska,0.0,5-14 years,133482.0,0.0
Nebraska,35.0,55-64 years,125547.0,278.78
Nebraska,35.0,55-64 years,117501.0,297.87
Nebraska,48.0,65-74 years,99312.0,483.33
Nebraska,48.0,65-74 years,73215.0,655.6
Nebraska,52.0,75-84 years,51194.0,1015.74
Nebraska,52.0,75-84 years,36867.0,1410.48
Nebraska,60.0,85 years and over,43078.0,1392.82
Nebraska,0.0,Under 1 year,25809.0,0.0
Nevada,0.0,1-4 years,150214.0,0.0
Nevada,0.0,15-24 years,181098.0,0.0
Nevada,0.0,15-24 years,182064.0,0.0
Nevada,0.0,25-34 years,227464.0,0.0
Nevada,0.0,25-34 years,217908.0,0.0
Nevada,0.0,35-44 years,210838.0,0.0
Nevada,0.0,35-44 years,192315.0,0.0
Nevada,17.0,45-54 years,201625.0,84.31
Nevada,17.0,45-54 years,193714.0,87.76
Nevada,0.0,5-14 years,191607.0,0.0
Nevada,0.0,5-14 years,197022.0,0.0
Nevada,65.0,55-64 years,194281.0,334.57
Nevada,65.0,55-64 years,182280.0,356.59
Nevada,131.0,65-74 years,160427.0,816.57
Nevada,131.0,65-74 years,132825.0,986.26
Nevada,139.0,75-84 years,88212.0,1575.75
Nevada,139.0,75-84 years,51355.0,2706.65
Nevada,66.0,85 years and over,43362.0,1522.07
Nevada,0.0,Under 1 year,35781.0,0.0
New Hampshire,0.0,1-4 years,51803.0,0.0
New Hampshire,0.0,15-24 years,85131.0,0.0
New Hampshire,0.0,15-24 years,89682.0,0.0
New Hampshire,0.0,25-34 years,85844.0,0.0
New Hampshire,0.0,25-34 years,83231.0,0.0
New Hampshire,0.0,35-44 years,79847.0,0.0
New Hampshire,0.0,35-44 years,74827.0,0.0
New Hampshire,0.0,45-54 years,89868.0,0.0
New Hampshire,0.0,45-54 years,100374.0,0.0
New Hampshire,0.0,5-14 years,69360.0,0.0
New Hampshire,0.0,5-14 years,76114.0,0.0
New Hampshire,12.0,55-64 years,110921.0,108.19
New Hampshire,12.0,55-64 years,101594.0,118.12
New Hampshire,51.0,65-74 years,82879.0,615.35
New Hampshire,51.0,65-74 years,64054.0,796.2
New Hampshire,97.0,75-84 years,41515.0,2336.5
New Hampshire,97.0,75-84 years,26709.0,3631.73
New Hampshire,167.0,85 years and over,30488.0,5477.56
New Hampshire,0.0,Under 1 year,12217.0,0.0
New Jersey,0.0,1-4 years,418264.0,0.0
New Jersey,0.0,15-24 years,557815.0,0.0
New Jersey,0.0,15-24 years,551030.0,0.0
New Jersey,100.0,25-34 years,583053.0,171.51
New Jersey,100.0,25-34 years,572786.0,174.59
New Jersey,246.0,35-44 years,581487.0,423.05
New Jersey,246.0,35-44 years,557813.0,441.01
New Jersey,709.0,45-54 years,602340.0,1177.08
New Jersey,709.0,45-54 years,633534.0,1119.12
New Jersey,0.0,5-14 years,533562.0,0.0
New Jersey,0.0,5-14 years,558614.0,0.0
New Jersey,1709.0,55-64 years,646773.0,2642.35
New Jersey,1709.0,55-64 years,572558.0,2984.85
New Jersey,2611.0,65-74 years,451916.0,5777.62
New Jersey,2611.0,65-74 years,358182.0,7289.59
New Jersey,3519.0,75-84 years,253635.0,13874.27
New Jersey,3519.0,75-84 years,172501.0,20399.88
New Jersey,4615.0,85 years and over,202293.0,22813.44
New Jersey,0.0,Under 1 year,100364.0,0.0
New Mexico,0.0,1-4 years,100578.0,0.0
New Mexico,0.0,15-24 years,139052.0,0.0
New Mexico,0.0,15-24 years,141547.0,0.0
New Mexico,12.0,25-34 years,145687.0,82.37
New Mexico,12.0,25-34 years,138148.0,86.86
New Mexico,19.0,35-44 years,133594.0,142.22
New Mexico,19.0,35-44 years,117190.0,162.13
New Mexico,28.0,45-54 years,119283.0,234.74
New Mexico,28.0,45-54 years,121582.0,230.3
New Mexico,0.0,5-14 years,134822.0,0.0
New Mexico,0.0,5-14 years,139941.0,0.0
New Mexico,55.0,55-64 years,139264.0,394.93
New Mexico,55.0,55-64 years,134883.0,407.76
New Mexico,80.0,65-74 years,121673.0,657.5
New Mexico,80.0,65-74 years,96211.0,831.51
New Mexico,100.0,75-84 years,64896.0,1540.93
New Mexico,100.0,75-84 years,42238.0,2367.54
New Mexico,145.0,85 years and over,41171.0,3521.9
New Mexico,0.0,Under 1 year,23668.0,0.0
New York,0.0,1-4 years,912559.0,0.0
New York,25.0,15-24 years,1188292.0,21.04
New York,25.0,15-24 years,1302338.0,19.2
New York,219.0,25-34 years,1485577.0,147.42
New York,219.0,25-34 years,1393216.0,157.19
New York,660.0,35-44 years,1273063.0,518.43
New York,660.0,35-44 years,1158801.0,569.55
New York,1840.0,45-54 years,1240014.0,1483.85
New York,1840.0,45-54 years,1315115.0,1399.12
New York,0.0,5-14 years,1119326.0,0.0
New York,0.0,5-14 years,1117870.0,0.0
New York,4508.0,55-64 years,1358693.0,3317.89
New York,4508.0,55-64 years,1235928.0,3647.46
New York,7173.0,65-74 years,1017063.0,7052.66
New York,7173.0,65-74 years,792057.0,9056.17
New York,8149.0,75-84 years,559571.0,14562.94
New York,8149.0,75-84 years,388524.0,20974.25
New York,8760.0,85 years and over,456319.0,19197.1
New York,0.0,Under 1 year,227883.0,0.0
North Carolina,0.0,1-4 years,491578.0,0.0
North Carolina,0.0,15-24 years,684178.0,0.0
North Carolina,0.0,15-24 years,697871.0,0.0
North Carolina,0.0,25-34 years,728562.0,0.0
North Carolina,0.0,25-34 years,664586.0,0.0
North Carolina,10.0,35-44 years,658604.0,15.18
North Carolina,10.0,35-44 years,637301.0,15.69
North Carolina,55.0,45-54 years,697294.0,78.88
North Carolina,55.0,45-54 years,680546.0,80.82
North Carolina,0.0,5-14 years,628094.0,0.0
North Carolina,0.0,5-14 years,664208.0,0.0
North Carolina,93.0,55-64 years,695970.0,133.63
North Carolina,93.0,55-64 years,647013.0,143.74
North Carolina,210.0,65-74 years,560023.0,374.98
North Carolina,210.0,65-74 years,450435.0,466.22
North Carolina,293.0,75-84 years,300671.0,974.49
North Carolina,293.0,75-84 years,192387.0,1522.97
North Carolina,306.0,85 years and over,185749.0,1647.38
North Carolina,0.0,Under 1 year,118550.0,0.0
North Dakota,0.0,1-4 years,43893.0,0.0
North Dakota,0.0,15-24 years,47282.0,0.0
North Dakota,0.0,15-24 years,63579.0,0.0
North Dakota,0.0,25-34 years,61153.0,0.0
North Dakota,0.0,25-34 years,53647.0,0.0
North Dakota,0.0,35-44 years,49895.0,0.0
North Dakota,0.0,35-44 years,40507.0,0.0
North Dakota,0.0,45-54 years,39212.0,0.0
North Dakota,0.0,45-54 years,40793.0,0.0
North Dakota,0.0,5-14 years,50206.0,0.0
North Dakota,0.0,5-14 years,47648.0,0.0
North Dakota,0.0,55-64 years,48475.0,0.0
North Dakota,0.0,55-64 years,46348.0,0.0
North Dakota,0.0,65-74 years,37277.0,0.0
North Dakota,0.0,65-74 years,26945.0,0.0
North Dakota,18.0,75-84 years,18962.0,949.27
North Dakota,18.0,75-84 years,14657.0,1228.08
North Dakota,30.0,85 years and over,18796.0,1596.08
North Dakota,0.0,Under 1 year,10802.0,0.0
Ohio,0.0,1-4 years,560787.0,0.0
Ohio,0.0,15-24 years,761897.0,0.0
Ohio,0.0,15-24 years,758902.0,0.0
Ohio,0.0,25-34 years,806886.0,0.0
Ohio,0.0,25-34 years,738394.0,0.0
Ohio,15.0,35-44 years,724205.0,20.71
Ohio,15.0,35-44 years,666987.0,22.49
Ohio,66.0,45-54 years,732526.0,90.1
Ohio,66.0,45-54 years,752351.0,87.73
Ohio,0.0,5-14 years,708148.0,0.0
Ohio,0.0,5-14 years,737787.0,0.0
Ohio,238.0,55-64 years,821402.0,289.75
Ohio,238.0,55-64 years,790146.0,301.21
Ohio,470.0,65-74 years,655007.0,717.55
Ohio,470.0,65-74 years,495368.0,948.79
Ohio,703.0,75-84 years,349819.0,2009.61
Ohio,703.0,75-84 years,238491.0,2947.7
Ohio,889.0,85 years and over,256337.0,3468.09
Ohio,0.0,Under 1 year,134002.0,0.0
Oklahoma,0.0,1-4 years,210076.0,0.0
Oklahoma,0.0,15-24 years,264140.0,0.0
Oklahoma,0.0,15-24 years,273690.0,0.0
Oklahoma,0.0,25-34 years,280849.0,0.0
Oklahoma,0.0,25-34 years,262369.0,0.0
Oklahoma,0.0,35-44 years,261410.0,0.0
Oklahoma,0.0,35-44 years,228978.0,0.0
Oklahoma,0.0,45-54 years,232318.0,0.0
Oklahoma,0.0,45-54 years,227992.0,0.0
Oklahoma,0.0,5-14 years,267797.0,0.0
Oklahoma,0.0,5-14 years,270110.0,0.0
Oklahoma,32.0,55-64 years,255026.0,125.48
Oklahoma,32.0,55-64 years,238418.0,134.22
Oklahoma,79.0,65-74 years,199427.0,396.13
Oklahoma,79.0,65-74 years,159219.0,496.17
Oklahoma,71.0,75-84 years,112935.0,628.68
Oklahoma,71.0,75-84 years,74776.0,949.5
Oklahoma,102.0,85 years and over,73196.0,1393.52
Oklahoma,0.0,Under 1 year,50353.0,0.0
Oregon,0.0,1-4 years,188955.0,0.0
Oregon,0.0,15-24 years,246835.0,0.0
Oregon,0.0,15-24 years,265773.0,0.0
Oregon,0.0,25-34 years,302744.0,0.0
Oregon,0.0,25-34 years,293741.0,0.0
Oregon,0.0,35-44 years,294348.0,0.0
Oregon,0.0,35-44 years,265419.0,0.0
Oregon,0.0,45-54 years,264308.0,0.0
Oregon,0.0,45-54 years,248366.0,0.0
Oregon,0.0,5-14 years,242575.0,0.0
Oregon,0.0,5-14 years,249214.0,0.0
Oregon,13.0,55-64 years,270029.0,48.14
Oregon,13.0,55-64 years,274456.0,47.37
Oregon,41.0,65-74 years,253268.0,161.88
Oregon,41.0,65-74 years,194924.0,210.34
Oregon,37.0,75-84 years,127826.0,289.46
Oregon,37.0,75-84 years,78648.0,470.45
Oregon,66.0,85 years and over,84025.0,785.48
Oregon,0.0,Under 1 year,45259.0,0.0
Pennsylvania,0.0,1-4 years,567551.0,0.0
Pennsylvania,0.0,15-24 years,810300.0,0.0
Pennsylvania,0.0,15-24 years,815049.0,0.0
Pennsylvania,0.0,25-34 years,870748.0,0.0
Pennsylvania,0.0,25-34 years,830358.0,0.0
Pennsylvania,50.0,35-44 years,782766.0,63.88
Pennsylvania,50.0,35-44 years,715779.0,69.85
Pennsylvania,212.0,45-54 years,797593.0,265.8
Pennsylvania,212.0,45-54 years,855188.0,247.9
Pennsylvania,0.0,5-14 years,725614.0,0.0
Pennsylvania,0.0,5-14 years,755233.0,0.0
Pennsylvania,621.0,55-64 years,921795.0,673.69
Pennsylvania,621.0,55-64 years,888010.0,699.32
Pennsylvania,1245.0,65-74 years,737898.0,1687.23
Pennsylvania,1245.0,65-74 years,572852.0,2173.34
Pennsylvania,1770.0,75-84 years,407338.0,4345.29
Pennsylvania,1770.0,75-84 years,283299.0,6247.82
Pennsylvania,3004.0,85 years and over,334243.0,8987.47
Pennsylvania,0.0,Under 1 year,135446.0,0.0
Rhode Island,0.0,1-4 years,43856.0,0.0
Rhode Island,0.0,15-24 years,71426.0,0.0
Rhode Island,0.0,15-24 years,76616.0,0.0
Rhode Island,0.0,25-34 years,76369.0,0.0
Rhode Island,0.0,25-34 years,69862.0,0.0
Rhode Island,0.0,35-44 years,65405.0,0.0
Rhode Island,0.0,35-44 years,58781.0,0.0
Rhode Island,0.0,45-54 years,66143.0,0.0
Rhode Island,0.0,45-54 years,73227.0,0.0
Rhode Island,0.0,5-14 years,54840.0,0.0
Rhode Island,0.0,5-14 years,58821.0,0.0
Rhode Island,64.0,55-64 years,76974.0,831.45
Rhode Island,64.0,55-64 years,72184.0,886.62
Rhode Island,160.0,65-74 years,57725.0,2771.76
Rhode Island,160.0,65-74 years,44870.0,3565.86
Rhode Island,227.0,75-84 years,30741.0,7384.28
Rhode Island,227.0,75-84 years,21066.0,10775.66
Rhode Island,397.0,85 years and over,27852.0,14253.91
Rhode Island,0.0,Under 1 year,10557.0,0.0
South Carolina,0.0,1-4 years,236459.0,0.0
South Carolina,0.0,15-24 years,323894.0,0.0
South Carolina,0.0,15-24 years,332074.0,0.0
South Carolina,0.0,25-34 years,354451.0,0.0
South Carolina,0.0,25-34 years,319439.0,0.0
South Carolina,0.0,35-44 years,316074.0,0.0
South Carolina,0.0,35-44 years,295323.0,0.0
South Carolina,23.0,45-54 years,320122.0,71.85
South Carolina,23.0,45-54 years,326336.0,70.48
South Carolina,0.0,5-14 years,306255.0,0.0
South Carolina,0.0,5-14 years,319554.0,0.0
South Carolina,98.0,55-64 years,344755.0,284.26
South Carolina,98.0,55-64 years,333544.0,293.81
South Carolina,173.0,65-74 years,302279.0,572.32
South Carolina,173.0,65-74 years,247552.0,698.84
South Carolina,227.0,75-84 years,163274.0,1390.3
South Carolina,227.0,75-84 years,97835.0,2320.23
South Carolina,179.0,85 years and over,88975.0,2011.8
South Carolina,0.0,Under 1 year,55932.0,0.0
South Dakota,0.0,1-4 years,50023.0,0.0
South Dakota,0.0,15-24 years,57674.0,0.0
South Dakota,0.0,15-24 years,59585.0,0.0
South Dakota,0.0,25-34 years,58754.0,0.0
South Dakota,0.0,25-34 years,57341.0,0.0
South Dakota,0.0,35-44 years,56007.0,0.0
South Dakota,0.0,35-44 years,47902.0,0.0
South Dakota,0.0,45-54 years,47241.0,0.0
South Dakota,0.0,45-54 years,49840.0,0.0
South Dakota,0.0,5-14 years,60762.0,0.0
South Dakota,0.0,5-14 years,60882.0,0.0
South Dakota,12.0,55-64 years,59311.0,202.32
South Dakota,12.0,55-64 years,57950.0,207.08
South Dakota,0.0,65-74 years,50160.0,0.0
South Dakota,0.0,65-74 years,34890.0,0.0
South Dakota,10.0,75-84 years,23666.0,422.55
South Dakota,10.0,75-84 years,17147.0,583.19
South Dakota,33.0,85 years and over,20991.0,1572.1
South Dakota,0.0,Under 1 year,12109.0,0.0
Tennessee,0.0,1-4 years,327600.0,0.0
Tennessee,0.0,15-24 years,425325.0,0.0
Tennessee,0.0,15-24 years,445657.0,0.0
Tennessee,0.0,25-34 years,492464.0,0.0
Tennessee,0.0,25-34 years,438603.0,0.0
Tennessee,0.0,35-44 years,432883.0,0.0
Tennessee,0.0,35-44 years,407384.0,0.0
Tennessee,18.0,45-54 years,442810.0,40.65
Tennessee,18.0,45-54 years,439985.0,40.91
Tennessee,0.0,5-14 years,412340.0,0.0
Tennessee,0.0,5-14 years,430114.0,0.0
Tennessee,72.0,55-64 years,456537.0,157.71
Tennessee,72.0,55-64 years,429637.0,167.58
Tennessee,118.0,65-74 years,366920.0,321.6
Tennessee,118.0,65-74 years,294682.0,400.43
Tennessee,157.0,75-84 years,201335.0,779.79
Tennessee,157.0,75-84 years,126698.0,1239.17
Tennessee,117.0,85 years and over,120062.0,974.5
Tennessee,0.0,Under 1 year,78974.0,0.0
Texas,0.0,1-4 years,1633461.0,0.0
Texas,0.0,15-24 years,2032343.0,0.0
Texas,0.0,15-24 years,1998543.0,0.0
Texas,29.0,25-34 years,2159807.0,13.43
Texas,29.0,25-34 years,2076521.0,13.97
Texas,73.0,35-44 years,2030827.0,35.95
Texas,73.0,35-44 years,1850945.0,39.44
Texas,204.0,45-54 years,1847367.0,110.43
Texas,204.0,45-54 years,1705590.0,119.61
Texas,0.0,5-14 years,2047747.0,0.0
Texas,0.0,5-14 years,2091419.0,0.0
Texas,453.0,55-64 years,1712901.0,264.46
Texas,453.0,55-64 years,1521389.0,297.75
Texas,627.0,65-74 years,1226455.0,511.23
Texas,627.0,65-74 years,940074.0,666.97
Texas,661.0,75-84 years,627316.0,1053.7
Texas,661.0,75-84 years,407976.0,1620.19
Texas,608.0,85 years and over,400499.0,1518.11
Texas,0.0,Under 1 year,390665.0,0.0
Utah,0.0,1-4 years,202844.0,0.0
Utah,0.0,15-24 years,248985.0,0.0
Utah,0.0,15-24 years,260906.0,0.0
Utah,0.0,25-34 years,247231.0,0.0
Utah,0.0,25-34 years,217677.0,0.0
Utah,0.0,35-44 years,231359.0,0.0
Utah,0.0,35-44 years,203255.0,0.0
Utah,0.0,45-54 years,172668.0,0.0
Utah,0.0,45-54 years,149505.0,0.0
Utah,0.0,5-14 years,259078.0,0.0
Utah,0.0,5-14 years,266799.0,0.0
Utah,11.0,55-64 years,155362.0,70.8
Utah,11.0,55-64 years,144798.0,75.97
Utah,38.0,65-74 years,119503.0,317.98
Utah,38.0,65-74 years,90368.0,420.5
Utah,26.0,75-84 years,62027.0,419.17
Utah,26.0,75-84 years,40804.0,637.19
Utah,36.0,85 years and over,37776.0,952.99
Utah,0.0,Under 1 year,50160.0,0.0
Vermont,0.0,1-4 years,24049.0,0.0
Vermont,0.0,15-24 years,42285.0,0.0
Vermont,0.0,15-24 years,46193.0,0.0
Vermont,0.0,25-34 years,37533.0,0.0
Vermont,0.0,25-34 years,36558.0,0.0
Vermont,0.0,35-44 years,36604.0,0.0
Vermont,0.0,35-44 years,33997.0,0.0
Vermont,0.0,45-54 years,38532.0,0.0
Vermont,0.0,45-54 years,42187.0,0.0
Vermont,0.0,5-14 years,31272.0,0.0
Vermont,0.0,5-14 years,33761.0,0.0
Vermont,0.0,55-64 years,48697.0,0.0
Vermont,0.0,55-64 years,47792.0,0.0
Vermont,11.0,65-74 years,41336.0,266.11
Vermont,11.0,65-74 years,31557.0,348.58
Vermont,23.0,75-84 years,20710.0,1110.57
Vermont,23.0,75-84 years,13183.0,1744.67
Vermont,15.0,85 years and over,14421.0,1040.15
Vermont,0.0,Under 1 year,5632.0,0.0
Virginia,0.0,1-4 years,411663.0,0.0
Virginia,0.0,15-24 years,542284.0,0.0
Virginia,0.0,15-24 years,578812.0,0.0
Virginia,0.0,25-34 years,604186.0,0.0
Virginia,0.0,25-34 years,586120.0,0.0
Virginia,14.0,35-44 years,578634.0,24.19
Virginia,14.0,35-44 years,526249.0,26.6
Virginia,73.0,45-54 years,558081.0,130.81
Virginia,73.0,45-54 years,567303.0,128.68
Virginia,0.0,5-14 years,514457.0,0.0
Virginia,0.0,5-14 years,528362.0,0.0
Virginia,209.0,55-64 years,583042.0,358.46
Virginia,209.0,55-64 years,523830.0,398.98
Virginia,381.0,65-74 years,432802.0,880.31
Virginia,381.0,65-74 years,346236.0,1100.41
Virginia,546.0,75-84 years,235193.0,2321.5
Virginia,546.0,75-84 years,149278.0,3657.61
Virginia,706.0,85 years and over,151892.0,4648.04
Virginia,0.0,Under 1 year,99261.0,0.0
Washington,0.0,1-4 years,372039.0,0.0
Washington,0.0,15-24 years,447049.0,0.0
Washington,0.0,15-24 years,481263.0,0.0
Washington,0.0,25-34 years,589604.0,0.0
Washington,0.0,25-34 years,563753.0,0.0
Washington,11.0,35-44 years,536144.0,20.52
Washington,11.0,35-44 years,466725.0,23.57
Washington,40.0,45-54 years,474408.0,84.32
Washington,40.0,45-54 years,459123.0,87.12
Washington,0.0,5-14 years,466916.0,0.0
Washington,0.0,5-14 years,462802.0,0.0
Washington,94.0,55-64 years,491676.0,191.18
Washington,94.0,55-64 years,469195.0,200.34
Washington,226.0,65-74 years,401689.0,562.62
Washington,226.0,65-74 years,307119.0,735.87
Washington,320.0,75-84 years,198092.0,1615.41
Washington,320.0,75-84 years,123949.0,2581.71
Washington,426.0,85 years and over,133383.0,3193.81
Washington,0.0,Under 1 year,90662.0,0.0
West Virginia,0.0,1-4 years,77386.0,0.0
West Virginia,0.0,15-24 years,107227.0,0.0
West Virginia,0.0,15-24 years,113094.0,0.0
West Virginia,0.0,25-34 years,113614.0,0.0
West Virginia,0.0,25-34 years,101748.0,0.0
West Virginia,0.0,35-44 years,109230.0,0.0
West Virginia,0.0,35-44 years,107530.0,0.0
West Virginia,0.0,45-54 years,116488.0,0.0
West Virginia,0.0,45-54 years,117965.0,0.0
West Virginia,0.0,5-14 years,101043.0,0.0
West Virginia,0.0,5-14 years,104388.0,0.0
West Virginia,0.0,55-64 years,127758.0,0.0
West Virginia,0.0,55-64 years,130612.0,0.0
West Virginia,25.0,65-74 years,119700.0,208.86
West Virginia,25.0,65-74 years,93137.0,268.42
West Virginia,26.0,75-84 years,64373.0,403.9
West Virginia,26.0,75-84 years,42768.0,607.93
West Virginia,34.0,85 years and over,39900.0,852.13
West Virginia,0.0,Under 1 year,17871.0,0.0
Wisconsin,0.0,1-4 years,269794.0,0.0
Wisconsin,0.0,15-24 years,378418.0,0.0
Wisconsin,0.0,15-24 years,395921.0,0.0
Wisconsin,0.0,25-34 years,374435.0,0.0
Wisconsin,0.0,25-34 years,362942.0,0.0
Wisconsin,0.0,35-44 years,371797.0,0.0
Wisconsin,0.0,35-44 years,332919.0,0.0
Wisconsin,28.0,45-54 years,352344.0,79.47
Wisconsin,28.0,45-54 years,385213.0,72.69
Wisconsin,0.0,5-14 years,349799.0,0.0
Wisconsin,0.0,5-14 years,369348.0,0.0
Wisconsin,93.0,55-64 years,425757.0,218.43
Wisconsin,93.0,55-64 years,394820.0,235.55
Wisconsin,166.0,65-74 years,329181.0,504.28
Wisconsin,166.0,65-74 years,242442.0,684.7
Wisconsin,179.0,75-84 years,169120.0,1058.42
Wisconsin,179.0,75-84 years,116094.0,1541.85
Wisconsin,240.0,85 years and over,128636.0,1865.73
Wisconsin,0.0,Under 1 year,64588.0,0.0
Wyoming,0.0,1-4 years,29089.0,0.0
Wyoming,0.0,15-24 years,36313.0,0.0
Wyoming,0.0,15-24 years,37966.0,0.0
Wyoming,0.0,25-34 years,38879.0,0.0
Wyoming,0.0,25-34 years,38899.0,0.0
Wyoming,0.0,35-44 years,39158.0,0.0
Wyoming,0.0,35-44 years,33555.0,0.0
Wyoming,0.0,45-54 years,32540.0,0.0
Wyoming,0.0,45-54 years,32340.0,0.0
Wyoming,0.0,5-14 years,37847.0,0.0
Wyoming,0.0,5-14 years,39104.0,0.0
Wyoming,0.0,55-64 years,39394.0,0.0
Wyoming,0.0,55-64 years,40455.0,0.0
Wyoming,0.0,65-74 years,33583.0,0.0
Wyoming,0.0,65-74 years,24585.0,0.0
Wyoming,0.0,75-84 years,16203.0,0.0
Wyoming,0.0,75-84 years,10323.0,0.0
Wyoming,0.0,85 years and over,10681.0,0.0
Wyoming,0.0,Under 1 year,6823.0,0.0
