Notes,State,State Code,Age Group,Age Group Code,Population
,Alabama,1.0,< 1 year,1,56739.0
,Alabama,1.0,1-4 years,1-4,236464.0
,Alabama,1.0,5-9 years,5-9,297900.0
,Alabama,1.0,10-14 years,10-14,310495.0
,Alabama,1.0,15-19 years,15-19,315680.0
,Alabama,1.0,20-24 years,20-24,325220.0
,Alabama,1.0,25-29 years,25-29,340014.0
,Alabama,1.0,30-34 years,30-34,303526.0
,Alabama,1.0,35-39 years,35-39,303994.0
,Alabama,1.0,40-44 years,40-44,288308.0
,Alabama,1.0,45-49 years,45-49,312966.0
,Alabama,1.0,50-54 years,50-54,314492.0
,Alabama,1.0,55-59 years,55-59,336811.0
,Alabama,1.0,60-64 years ,60-64,318368.0
,Alabama,1.0,65-69 years,65-69,270799.0
,Alabama,1.0,70-74 years,70-74,216922.0
,Alabama,1.0,75-79 years,75-79,150858.0
,Alabama,1.0,80-84 years,80-84,98450.0
,Alabama,1.0,85+ years,85+,89865.0
Total,Alabama,1.0,,,4887871.0
,Alaska,2.0,< 1 year,1,10665.0
,Alaska,2.0,1-4 years,1-4,42450.0
,Alaska,2.0,5-9 years,5-9,52056.0
,Alaska,2.0,10-14 years,10-14,49759.0
,Alaska,2.0,15-19 years,15-19,46263.0
,Alaska,2.0,20-24 years,20-24,53000.0
,Alaska,2.0,25-29 years,25-29,61672.0
,Alaska,2.0,30-34 years,30-34,57193.0
,Alaska,2.0,35-39 years,35-39,51672.0
,Alaska,2.0,40-44 years,40-44,42978.0
,Alaska,2.0,45-49 years,45-49,43558.0
,Alaska,2.0,50-54 years,50-54,44559.0
,Alaska,2.0,55-59 years,55-59,49246.0
,Alaska,2.0,60-64 years ,60-64,45356.0
,Alaska,2.0,65-69 years,65-69,35078.0
,Alaska,2.0,70-74 years,70-74,23477.0
,Alaska,2.0,75-79 years,75-79,13893.0
,Alaska,2.0,80-84 years,80-84,7710.0
,Alaska,2.0,85+ years,85+,6853.0
Total,Alaska,2.0,,,737438.0
,Arizona,4.0,< 1 year,1,83553.0
,Arizona,4.0,1-4 years,1-4,352383.0
,Arizona,4.0,5-9 years,5-9,451726.0
,Arizona,4.0,10-14 years,10-14,476421.0
,Arizona,4.0,15-19 years,15-19,473794.0
,Arizona,4.0,20-24 years,20-24,492176.0
,Arizona,4.0,25-29 years,25-29,517980.0
,Arizona,4.0,30-34 years,30-34,467865.0
,Arizona,4.0,35-39 years,35-39,458887.0
,Arizona,4.0,40-44 years,40-44,421544.0
,Arizona,4.0,45-49 years,45-49,432165.0
,Arizona,4.0,50-54 years,50-54,418625.0
,Arizona,4.0,55-59 years,55-59,442085.0
,Arizona,4.0,60-64 years ,60-64,424192.0
,Arizona,4.0,65-69 years,65-69,389729.0
,Arizona,4.0,70-74 years,70-74,336433.0
,Arizona,4.0,75-79 years,75-79,239494.0
,Arizona,4.0,80-84 years,80-84,150319.0
,Arizona,4.0,85+ years,85+,142275.0
Total,Arizona,4.0,,,7171646.0
,Arkansas,5.0,< 1 year,1,36901.0
,Arkansas,5.0,1-4 years,1-4,153442.0
,Arkansas,5.0,5-9 years,5-9,193284.0
,Arkansas,5.0,10-14 years,10-14,200786.0
,Arkansas,5.0,15-19 years,15-19,197707.0
,Arkansas,5.0,20-24 years,20-24,201638.0
,Arkansas,5.0,25-29 years,25-29,206497.0
,Arkansas,5.0,30-34 years,30-34,190091.0
,Arkansas,5.0,35-39 years,35-39,191673.0
,Arkansas,5.0,40-44 years,40-44,176845.0
,Arkansas,5.0,45-49 years,45-49,184172.0
,Arkansas,5.0,50-54 years,50-54,184495.0
,Arkansas,5.0,55-59 years,55-59,198163.0
,Arkansas,5.0,60-64 years ,60-64,186304.0
,Arkansas,5.0,65-69 years,65-69,162561.0
,Arkansas,5.0,70-74 years,70-74,133450.0
,Arkansas,5.0,75-79 years,75-79,95234.0
,Arkansas,5.0,80-84 years,80-84,61565.0
,Arkansas,5.0,85+ years,85+,59017.0
Total,Arkansas,5.0,,,3013825.0
,California,6.0,< 1 year,1,477320.0
,California,6.0,1-4 years,1-4,1963980.0
,California,6.0,5-9 years,5-9,2488902.0
,California,6.0,10-14 years,10-14,2547973.0
,California,6.0,15-19 years,15-19,2545375.0
,California,6.0,20-24 years,20-24,2711800.0
,California,6.0,25-29 years,25-29,3125816.0
,California,6.0,30-34 years,30-34,2917983.0
,California,6.0,35-39 years,35-39,2754980.0
,California,6.0,40-44 years,40-44,2500691.0
,California,6.0,45-49 years,45-49,2568083.0
,California,6.0,50-54 years,50-54,2503891.0
,California,6.0,55-59 years,55-59,2518810.0
,California,6.0,60-64 years ,60-64,2262416.0
,California,6.0,65-69 years,65-69,1853102.0
,California,6.0,70-74 years,70-74,1432312.0
,California,6.0,75-79 years,75-79,976718.0
,California,6.0,80-84 years,80-84,663308.0
,California,6.0,85+ years,85+,743585.0
Total,California,6.0,,,39557045.0
,Colorado,8.0,< 1 year,1,66125.0
,Colorado,8.0,1-4 years,1-4,270729.0
,Colorado,8.0,5-9 years,5-9,347953.0
,Colorado,8.0,10-14 years,10-14,365378.0
,Colorado,8.0,15-19 years,15-19,363364.0
,Colorado,8.0,20-24 years,20-24,378514.0
,Colorado,8.0,25-29 years,25-29,453907.0
,Colorado,8.0,30-34 years,30-34,440515.0
,Colorado,8.0,35-39 years,35-39,415058.0
,Colorado,8.0,40-44 years,40-44,365021.0
,Colorado,8.0,45-49 years,45-49,367581.0
,Colorado,8.0,50-54 years,50-54,342590.0
,Colorado,8.0,55-59 years,55-59,367276.0
,Colorado,8.0,60-64 years ,60-64,343324.0
,Colorado,8.0,65-69 years,65-69,288077.0
,Colorado,8.0,70-74 years,70-74,212721.0
,Colorado,8.0,75-79 years,75-79,134107.0
,Colorado,8.0,80-84 years,80-84,84960.0
,Colorado,8.0,85+ years,85+,88364.0
Total,Colorado,8.0,,,5695564.0
,Connecticut,9.0,< 1 year,1,35113.0
,Connecticut,9.0,1-4 years,1-4,148021.0
,Connecticut,9.0,5-9 years,5-9,196011.0
,Connecticut,9.0,10-14 years,10-14,217897.0
,Connecticut,9.0,15-19 years,15-19,241904.0
,Connecticut,9.0,20-24 years,20-24,243116.0
,Connecticut,9.0,25-29 years,25-29,222923.0
,Connecticut,9.0,30-34 years,30-34,222467.0
,Connecticut,9.0,35-39 years,35-39,217876.0
,Connecticut,9.0,40-44 years,40-44,205460.0
,Connecticut,9.0,45-49 years,45-49,234976.0
,Connecticut,9.0,50-54 years,50-54,259975.0
,Connecticut,9.0,55-59 years,55-59,269467.0
,Connecticut,9.0,60-64 years ,60-64,242338.0
,Connecticut,9.0,65-69 years,65-69,190320.0
,Connecticut,9.0,70-74 years,70-74,153250.0
,Connecticut,9.0,75-79 years,75-79,107386.0
,Connecticut,9.0,80-84 years,80-84,72294.0
,Connecticut,9.0,85+ years,85+,91871.0
Total,Connecticut,9.0,,,3572665.0
,Delaware,10.0,< 1 year,1,10645.0
,Delaware,10.0,1-4 years,1-4,44166.0
,Delaware,10.0,5-9 years,5-9,56247.0
,Delaware,10.0,10-14 years,10-14,57654.0
,Delaware,10.0,15-19 years,15-19,60363.0
,Delaware,10.0,20-24 years,20-24,58349.0
,Delaware,10.0,25-29 years,25-29,66980.0
,Delaware,10.0,30-34 years,30-34,62083.0
,Delaware,10.0,35-39 years,35-39,58850.0
,Delaware,10.0,40-44 years,40-44,52618.0
,Delaware,10.0,45-49 years,45-49,58432.0
,Delaware,10.0,50-54 years,50-54,64059.0
,Delaware,10.0,55-59 years,55-59,68793.0
,Delaware,10.0,60-64 years ,60-64,66846.0
,Delaware,10.0,65-69 years,65-69,59514.0
,Delaware,10.0,70-74 years,70-74,48680.0
,Delaware,10.0,75-79 years,75-79,32805.0
,Delaware,10.0,80-84 years,80-84,20250.0
,Delaware,10.0,85+ years,85+,19837.0
Total,Delaware,10.0,,,967171.0
,District of Columbia,11.0,< 1 year,1,9870.0
,District of Columbia,11.0,1-4 years,1-4,35747.0
,District of Columbia,11.0,5-9 years,5-9,37622.0
,District of Columbia,11.0,10-14 years,10-14,28573.0
,District of Columbia,11.0,15-19 years,15-19,36900.0
,District of Columbia,11.0,20-24 years,20-24,52924.0
,District of Columbia,11.0,25-29 years,25-29,83096.0
,District of Columbia,11.0,30-34 years,30-34,80991.0
,District of Columbia,11.0,35-39 years,35-39,62212.0
,District of Columbia,11.0,40-44 years,40-44,43462.0
,District of Columbia,11.0,45-49 years,45-49,38787.0
,District of Columbia,11.0,50-54 years,50-54,36666.0
,District of Columbia,11.0,55-59 years,55-59,36676.0
,District of Columbia,11.0,60-64 years ,60-64,33626.0
,District of Columbia,11.0,65-69 years,65-69,27984.0
,District of Columbia,11.0,70-74 years,70-74,21120.0
,District of Columbia,11.0,75-79 years,75-79,14419.0
,District of Columbia,11.0,80-84 years,80-84,9627.0
,District of Columbia,11.0,85+ years,85+,12153.0
Total,District of Columbia,11.0,,,702455.0
,Florida,12.0,< 1 year,1,222040.0
,Florida,12.0,1-4 years,1-4,921143.0
,Florida,12.0,5-9 years,5-9,1157587.0
,Florida,12.0,10-14 years,10-14,1206247.0
,Florida,12.0,15-19 years,15-19,1206422.0
,Florida,12.0,20-24 years,20-24,1269823.0
,Florida,12.0,25-29 years,25-29,1436477.0
,Florida,12.0,30-34 years,30-34,1351778.0
,Florida,12.0,35-39 years,35-39,1318582.0
,Florida,12.0,40-44 years,40-44,1250182.0
,Florida,12.0,45-49 years,45-49,1351855.0
,Florida,12.0,50-54 years,50-54,1394517.0
,Florida,12.0,55-59 years,55-59,1470580.0
,Florida,12.0,60-64 years ,60-64,1384021.0
,Florida,12.0,65-69 years,65-69,1271880.0
,Florida,12.0,70-74 years,70-74,1126022.0
,Florida,12.0,75-79 years,75-79,833186.0
,Florida,12.0,80-84 years,80-84,555564.0
,Florida,12.0,85+ years,85+,571419.0
Total,Florida,12.0,,,21299325.0
,Georgia,13.0,< 1 year,1,126952.0
,Georgia,13.0,1-4 years,1-4,530462.0
,Georgia,13.0,5-9 years,5-9,685904.0
,Georgia,13.0,10-14 years,10-14,727758.0
,Georgia,13.0,15-19 years,15-19,728370.0
,Georgia,13.0,20-24 years,20-24,716652.0
,Georgia,13.0,25-29 years,25-29,767745.0
,Georgia,13.0,30-34 years,30-34,705501.0
,Georgia,13.0,35-39 years,35-39,705228.0
,Georgia,13.0,40-44 years,40-44,667374.0
,Georgia,13.0,45-49 years,45-49,718419.0
,Georgia,13.0,50-54 years,50-54,693019.0
,Georgia,13.0,55-59 years,55-59,682347.0
,Georgia,13.0,60-64 years ,60-64,603335.0
,Georgia,13.0,65-69 years,65-69,500976.0
,Georgia,13.0,70-74 years,70-74,394443.0
,Georgia,13.0,75-79 years,75-79,259740.0
,Georgia,13.0,80-84 years,80-84,158617.0
,Georgia,13.0,85+ years,85+,146633.0
Total,Georgia,13.0,,,10519475.0
,Hawaii,15.0,< 1 year,1,17224.0
,Hawaii,15.0,1-4 years,1-4,70480.0
,Hawaii,15.0,5-9 years,5-9,86869.0
,Hawaii,15.0,10-14 years,10-14,81954.0
,Hawaii,15.0,15-19 years,15-19,77179.0
,Hawaii,15.0,20-24 years,20-24,90951.0
,Hawaii,15.0,25-29 years,25-29,103977.0
,Hawaii,15.0,30-34 years,30-34,99029.0
,Hawaii,15.0,35-39 years,35-39,96796.0
,Hawaii,15.0,40-44 years,40-44,83714.0
,Hawaii,15.0,45-49 years,45-49,85505.0
,Hawaii,15.0,50-54 years,50-54,85119.0
,Hawaii,15.0,55-59 years,55-59,90807.0
,Hawaii,15.0,60-64 years ,60-64,89920.0
,Hawaii,15.0,65-69 years,65-69,82492.0
,Hawaii,15.0,70-74 years,70-74,66441.0
,Hawaii,15.0,75-79 years,75-79,42395.0
,Hawaii,15.0,80-84 years,80-84,28595.0
,Hawaii,15.0,85+ years,85+,41044.0
Total,Hawaii,15.0,,,1420491.0
,Idaho,16.0,< 1 year,1,22348.0
,Idaho,16.0,1-4 years,1-4,93991.0
,Idaho,16.0,5-9 years,5-9,122965.0
,Idaho,16.0,10-14 years,10-14,131036.0
,Idaho,16.0,15-19 years,15-19,124506.0
,Idaho,16.0,20-24 years,20-24,114894.0
,Idaho,16.0,25-29 years,25-29,119176.0
,Idaho,16.0,30-34 years,30-34,112206.0
,Idaho,16.0,35-39 years,35-39,115383.0
,Idaho,16.0,40-44 years,40-44,104646.0
,Idaho,16.0,45-49 years,45-49,101672.0
,Idaho,16.0,50-54 years,50-54,98253.0
,Idaho,16.0,55-59 years,55-59,108608.0
,Idaho,16.0,60-64 years ,60-64,106242.0
,Idaho,16.0,65-69 years,65-69,94545.0
,Idaho,16.0,70-74 years,70-74,73696.0
,Idaho,16.0,75-79 years,75-79,50168.0
,Idaho,16.0,80-84 years,80-84,30454.0
,Idaho,16.0,85+ years,85+,29419.0
Total,Idaho,16.0,,,1754208.0
,Illinois,17.0,< 1 year,1,147623.0
,Illinois,17.0,1-4 years,1-4,612996.0
,Illinois,17.0,5-9 years,5-9,778102.0
,Illinois,17.0,10-14 years,10-14,819148.0
,Illinois,17.0,15-19 years,15-19,828205.0
,Illinois,17.0,20-24 years,20-24,847502.0
,Illinois,17.0,25-29 years,25-29,903780.0
,Illinois,17.0,30-34 years,30-34,866001.0
,Illinois,17.0,35-39 years,35-39,854521.0
,Illinois,17.0,40-44 years,40-44,785204.0
,Illinois,17.0,45-49 years,45-49,817893.0
,Illinois,17.0,50-54 years,50-54,821957.0
,Illinois,17.0,55-59 years,55-59,867598.0
,Illinois,17.0,60-64 years ,60-64,797589.0
,Illinois,17.0,65-69 years,65-69,649574.0
,Illinois,17.0,70-74 years,70-74,492679.0
,Illinois,17.0,75-79 years,75-79,348421.0
,Illinois,17.0,80-84 years,80-84,235613.0
,Illinois,17.0,85+ years,85+,266674.0
Total,Illinois,17.0,,,12741080.0
,Indiana,18.0,< 1 year,1,80539.0
,Indiana,18.0,1-4 years,1-4,338005.0
,Indiana,18.0,5-9 years,5-9,430106.0
,Indiana,18.0,10-14 years,10-14,448590.0
,Indiana,18.0,15-19 years,15-19,455653.0
,Indiana,18.0,20-24 years,20-24,471214.0
,Indiana,18.0,25-29 years,25-29,458859.0
,Indiana,18.0,30-34 years,30-34,418579.0
,Indiana,18.0,35-39 years,35-39,425918.0
,Indiana,18.0,40-44 years,40-44,396284.0
,Indiana,18.0,45-49 years,45-49,419086.0
,Indiana,18.0,50-54 years,50-54,420738.0
,Indiana,18.0,55-59 years,55-59,450922.0
,Indiana,18.0,60-64 years ,60-64,422364.0
,Indiana,18.0,65-69 years,65-69,350525.0
,Indiana,18.0,70-74 years,70-74,265056.0
,Indiana,18.0,75-79 years,75-79,185913.0
,Indiana,18.0,80-84 years,80-84,122717.0
,Indiana,18.0,85+ years,85+,130810.0
Total,Indiana,18.0,,,6691878.0
,Iowa,19.0,< 1 year,1,38291.0
,Iowa,19.0,1-4 years,1-4,159927.0
,Iowa,19.0,5-9 years,5-9,201115.0
,Iowa,19.0,10-14 years,10-14,208564.0
,Iowa,19.0,15-19 years,15-19,214122.0
,Iowa,19.0,20-24 years,20-24,227778.0
,Iowa,19.0,25-29 years,25-29,204286.0
,Iowa,19.0,30-34 years,30-34,193429.0
,Iowa,19.0,35-39 years,35-39,202104.0
,Iowa,19.0,40-44 years,40-44,177831.0
,Iowa,19.0,45-49 years,45-49,182267.0
,Iowa,19.0,50-54 years,50-54,189064.0
,Iowa,19.0,55-59 years,55-59,213907.0
,Iowa,19.0,60-64 years ,60-64,203630.0
,Iowa,19.0,65-69 years,65-69,172693.0
,Iowa,19.0,70-74 years,70-74,128180.0
,Iowa,19.0,75-79 years,75-79,92687.0
,Iowa,19.0,80-84 years,80-84,67179.0
,Iowa,19.0,85+ years,85+,79091.0
Total,Iowa,19.0,,,3156145.0
,Kansas,20.0,< 1 year,1,36439.0
,Kansas,20.0,1-4 years,1-4,152896.0
,Kansas,20.0,5-9 years,5-9,197621.0
,Kansas,20.0,10-14 years,10-14,200446.0
,Kansas,20.0,15-19 years,15-19,200274.0
,Kansas,20.0,20-24 years,20-24,213020.0
,Kansas,20.0,25-29 years,25-29,195035.0
,Kansas,20.0,30-34 years,30-34,187849.0
,Kansas,20.0,35-39 years,35-39,189972.0
,Kansas,20.0,40-44 years,40-44,166350.0
,Kansas,20.0,45-49 years,45-49,166989.0
,Kansas,20.0,50-54 years,50-54,168948.0
,Kansas,20.0,55-59 years,55-59,191689.0
,Kansas,20.0,60-64 years ,60-64,181736.0
,Kansas,20.0,65-69 years,65-69,150262.0
,Kansas,20.0,70-74 years,70-74,112595.0
,Kansas,20.0,75-79 years,75-79,78411.0
,Kansas,20.0,80-84 years,80-84,55437.0
,Kansas,20.0,85+ years,85+,65536.0
Total,Kansas,20.0,,,2911505.0
,Kentucky,21.0,< 1 year,1,53557.0
,Kentucky,21.0,1-4 years,1-4,221855.0
,Kentucky,21.0,5-9 years,5-9,276726.0
,Kentucky,21.0,10-14 years,10-14,285788.0
,Kentucky,21.0,15-19 years,15-19,287105.0
,Kentucky,21.0,20-24 years,20-24,301530.0
,Kentucky,21.0,25-29 years,25-29,310326.0
,Kentucky,21.0,30-34 years,30-34,274781.0
,Kentucky,21.0,35-39 years,35-39,283045.0
,Kentucky,21.0,40-44 years,40-44,268904.0
,Kentucky,21.0,45-49 years,45-49,285632.0
,Kentucky,21.0,50-54 years,50-54,291182.0
,Kentucky,21.0,55-59 years,55-59,307881.0
,Kentucky,21.0,60-64 years ,60-64,289464.0
,Kentucky,21.0,65-69 years,65-69,245059.0
,Kentucky,21.0,70-74 years,70-74,190146.0
,Kentucky,21.0,75-79 years,75-79,130899.0
,Kentucky,21.0,80-84 years,80-84,83904.0
,Kentucky,21.0,85+ years,85+,80618.0
Total,Kentucky,21.0,,,4468402.0
,Louisiana,22.0,< 1 year,1,59755.0
,Louisiana,22.0,1-4 years,1-4,247264.0
,Louisiana,22.0,5-9 years,5-9,301567.0
,Louisiana,22.0,10-14 years,10-14,307358.0
,Louisiana,22.0,15-19 years,15-19,296013.0
,Louisiana,22.0,20-24 years,20-24,309308.0
,Louisiana,22.0,25-29 years,25-29,343819.0
,Louisiana,22.0,30-34 years,30-34,323363.0
,Louisiana,22.0,35-39 years,35-39,313687.0
,Louisiana,22.0,40-44 years,40-44,269839.0
,Louisiana,22.0,45-49 years,45-49,275446.0
,Louisiana,22.0,50-54 years,50-54,287860.0
,Louisiana,22.0,55-59 years,55-59,312333.0
,Louisiana,22.0,60-64 years ,60-64,293933.0
,Louisiana,22.0,65-69 years,65-69,242885.0
,Louisiana,22.0,70-74 years,70-74,185061.0
,Louisiana,22.0,75-79 years,75-79,126634.0
,Louisiana,22.0,80-84 years,80-84,82803.0
,Louisiana,22.0,85+ years,85+,81050.0
Total,Louisiana,22.0,,,4659978.0
,Maine,23.0,< 1 year,1,12409.0
,Maine,23.0,1-4 years,1-4,51873.0
,Maine,23.0,5-9 years,5-9,67596.0
,Maine,23.0,10-14 years,10-14,73235.0
,Maine,23.0,15-19 years,15-19,77391.0
,Maine,23.0,20-24 years,20-24,75024.0
,Maine,23.0,25-29 years,25-29,80641.0
,Maine,23.0,30-34 years,30-34,79699.0
,Maine,23.0,35-39 years,35-39,78163.0
,Maine,23.0,40-44 years,40-44,74220.0
,Maine,23.0,45-49 years,45-49,85710.0
,Maine,23.0,50-54 years,50-54,94463.0
,Maine,23.0,55-59 years,55-59,107152.0
,Maine,23.0,60-64 years ,60-64,104829.0
,Maine,23.0,65-69 years,65-69,91727.0
,Maine,23.0,70-74 years,70-74,71640.0
,Maine,23.0,75-79 years,75-79,47585.0
,Maine,23.0,80-84 years,80-84,31628.0
,Maine,23.0,85+ years,85+,33419.0
Total,Maine,23.0,,,1338404.0
,Maryland,24.0,< 1 year,1,70843.0
,Maryland,24.0,1-4 years,1-4,293661.0
,Maryland,24.0,5-9 years,5-9,370444.0
,Maryland,24.0,10-14 years,10-14,378506.0
,Maryland,24.0,15-19 years,15-19,381504.0
,Maryland,24.0,20-24 years,20-24,376550.0
,Maryland,24.0,25-29 years,25-29,418434.0
,Maryland,24.0,30-34 years,30-34,416178.0
,Maryland,24.0,35-39 years,35-39,407402.0
,Maryland,24.0,40-44 years,40-44,366399.0
,Maryland,24.0,45-49 years,45-49,397341.0
,Maryland,24.0,50-54 years,50-54,421586.0
,Maryland,24.0,55-59 years,55-59,432313.0
,Maryland,24.0,60-64 years ,60-64,380421.0
,Maryland,24.0,65-69 years,65-69,307278.0
,Maryland,24.0,70-74 years,70-74,238174.0
,Maryland,24.0,75-79 years,75-79,162850.0
,Maryland,24.0,80-84 years,80-84,104431.0
,Maryland,24.0,85+ years,85+,118403.0
Total,Maryland,24.0,,,6042718.0
,Massachusetts,25.0,< 1 year,1,70787.0
,Massachusetts,25.0,1-4 years,1-4,289374.0
,Massachusetts,25.0,5-9 years,5-9,370010.0
,Massachusetts,25.0,10-14 years,10-14,389142.0
,Massachusetts,25.0,15-19 years,15-19,455406.0
,Massachusetts,25.0,20-24 years,20-24,494067.0
,Massachusetts,25.0,25-29 years,25-29,507860.0
,Massachusetts,25.0,30-34 years,30-34,485053.0
,Massachusetts,25.0,35-39 years,35-39,440081.0
,Massachusetts,25.0,40-44 years,40-44,400571.0
,Massachusetts,25.0,45-49 years,45-49,443793.0
,Massachusetts,25.0,50-54 years,50-54,477738.0
,Massachusetts,25.0,55-59 years,55-59,492474.0
,Massachusetts,25.0,60-64 years ,60-64,446693.0
,Massachusetts,25.0,65-69 years,65-69,367250.0
,Massachusetts,25.0,70-74 years,70-74,286579.0
,Massachusetts,25.0,75-79 years,75-79,193337.0
,Massachusetts,25.0,80-84 years,80-84,132082.0
,Massachusetts,25.0,85+ years,85+,159852.0
Total,Massachusetts,25.0,,,6902149.0
,Michigan,26.0,< 1 year,1,110301.0
,Michigan,26.0,1-4 years,1-4,461862.0
,Michigan,26.0,5-9 years,5-9,586648.0
,Michigan,26.0,10-14 years,10-14,619422.0
,Michigan,26.0,15-19 years,15-19,653747.0
,Michigan,26.0,20-24 years,20-24,694627.0
,Michigan,26.0,25-29 years,25-29,694454.0
,Michigan,26.0,30-34 years,30-34,602197.0
,Michigan,26.0,35-39 years,35-39,599690.0
,Michigan,26.0,40-44 years,40-44,563499.0
,Michigan,26.0,45-49 years,45-49,629912.0
,Michigan,26.0,50-54 years,50-54,660148.0
,Michigan,26.0,55-59 years,55-59,716278.0
,Michigan,26.0,60-64 years ,60-64,686526.0
,Michigan,26.0,65-69 years,65-69,571956.0
,Michigan,26.0,70-74 years,70-74,432746.0
,Michigan,26.0,75-79 years,75-79,302102.0
,Michigan,26.0,80-84 years,80-84,195814.0
,Michigan,26.0,85+ years,85+,213986.0
Total,Michigan,26.0,,,9995915.0
,Minnesota,27.0,< 1 year,1,68566.0
,Minnesota,27.0,1-4 years,1-4,286725.0
,Minnesota,27.0,5-9 years,5-9,360434.0
,Minnesota,27.0,10-14 years,10-14,370652.0
,Minnesota,27.0,15-19 years,15-19,357809.0
,Minnesota,27.0,20-24 years,20-24,360065.0
,Minnesota,27.0,25-29 years,25-29,376534.0
,Minnesota,27.0,30-34 years,30-34,384391.0
,Minnesota,27.0,35-39 years,35-39,383690.0
,Minnesota,27.0,40-44 years,40-44,326575.0
,Minnesota,27.0,45-49 years,45-49,336922.0
,Minnesota,27.0,50-54 years,50-54,354569.0
,Minnesota,27.0,55-59 years,55-59,394922.0
,Minnesota,27.0,60-64 years ,60-64,359523.0
,Minnesota,27.0,65-69 years,65-69,294482.0
,Minnesota,27.0,70-74 years,70-74,215698.0
,Minnesota,27.0,75-79 years,75-79,153154.0
,Minnesota,27.0,80-84 years,80-84,104784.0
,Minnesota,27.0,85+ years,85+,121684.0
Total,Minnesota,27.0,,,5611179.0
,Mississippi,28.0,< 1 year,1,35878.0
,Mississippi,28.0,1-4 years,1-4,149599.0
,Mississippi,28.0,5-9 years,5-9,192967.0
,Mississippi,28.0,10-14 years,10-14,206927.0
,Mississippi,28.0,15-19 years,15-19,205933.0
,Mississippi,28.0,20-24 years,20-24,206761.0
,Mississippi,28.0,25-29 years,25-29,209411.0
,Mississippi,28.0,30-34 years,30-34,184895.0
,Mississippi,28.0,35-39 years,35-39,189869.0
,Mississippi,28.0,40-44 years,40-44,175129.0
,Mississippi,28.0,45-49 years,45-49,184333.0
,Mississippi,28.0,50-54 years,50-54,184460.0
,Mississippi,28.0,55-59 years,55-59,198698.0
,Mississippi,28.0,60-64 years ,60-64,187195.0
,Mississippi,28.0,65-69 years,65-69,157411.0
,Mississippi,28.0,70-74 years,70-74,123174.0
,Mississippi,28.0,75-79 years,75-79,85408.0
,Mississippi,28.0,80-84 years,80-84,56141.0
,Mississippi,28.0,85+ years,85+,52341.0
Total,Mississippi,28.0,,,2986530.0
,Missouri,29.0,< 1 year,1,72258.0
,Missouri,29.0,1-4 years,1-4,300455.0
,Missouri,29.0,5-9 years,5-9,377947.0
,Missouri,29.0,10-14 years,10-14,391940.0
,Missouri,29.0,15-19 years,15-19,391387.0
,Missouri,29.0,20-24 years,20-24,409228.0
,Missouri,29.0,25-29 years,25-29,426568.0
,Missouri,29.0,30-34 years,30-34,396937.0
,Missouri,29.0,35-39 years,35-39,394342.0
,Missouri,29.0,40-44 years,40-44,350197.0
,Missouri,29.0,45-49 years,45-49,369939.0
,Missouri,29.0,50-54 years,50-54,381749.0
,Missouri,29.0,55-59 years,55-59,430286.0
,Missouri,29.0,60-64 years ,60-64,399255.0
,Missouri,29.0,65-69 years,65-69,332509.0
,Missouri,29.0,70-74 years,70-74,260068.0
,Missouri,29.0,75-79 years,75-79,185960.0
,Missouri,29.0,80-84 years,80-84,123543.0
,Missouri,29.0,85+ years,85+,131884.0
Total,Missouri,29.0,,,6126452.0
,Montana,30.0,< 1 year,1,12099.0
,Montana,30.0,1-4 years,1-4,50437.0
,Montana,30.0,5-9 years,5-9,63526.0
,Montana,30.0,10-14 years,10-14,65281.0
,Montana,30.0,15-19 years,15-19,64023.0
,Montana,30.0,20-24 years,20-24,72513.0
,Montana,30.0,25-29 years,25-29,71120.0
,Montana,30.0,30-34 years,30-34,66343.0
,Montana,30.0,35-39 years,35-39,67394.0
,Montana,30.0,40-44 years,40-44,59002.0
,Montana,30.0,45-49 years,45-49,58886.0
,Montana,30.0,50-54 years,50-54,61392.0
,Montana,30.0,55-59 years,55-59,74523.0
,Montana,30.0,60-64 years ,60-64,76864.0
,Montana,30.0,65-69 years,65-69,68722.0
,Montana,30.0,70-74 years,70-74,50861.0
,Montana,30.0,75-79 years,75-79,34678.0
,Montana,30.0,80-84 years,80-84,21946.0
,Montana,30.0,85+ years,85+,22695.0
Total,Montana,30.0,,,1062305.0
,Nebraska,31.0,< 1 year,1,25809.0
,Nebraska,31.0,1-4 years,1-4,107159.0
,Nebraska,31.0,5-9 years,5-9,132340.0
,Nebraska,31.0,10-14 years,10-14,133482.0
,Nebraska,31.0,15-19 years,15-19,131579.0
,Nebraska,31.0,20-24 years,20-24,137180.0
,Nebraska,31.0,25-29 years,25-29,128475.0
,Nebraska,31.0,30-34 years,30-34,127248.0
,Nebraska,31.0,35-39 years,35-39,128339.0
,Nebraska,31.0,40-44 years,40-44,110972.0
,Nebraska,31.0,45-49 years,45-49,109690.0
,Nebraska,31.0,50-54 years,50-54,110281.0
,Nebraska,31.0,55-59 years,55-59,125547.0
,Nebraska,31.0,60-64 years ,60-64,117501.0
,Nebraska,31.0,65-69 years,65-69,99312.0
,Nebraska,31.0,70-74 years,70-74,73215.0
,Nebraska,31.0,75-79 years,75-79,51194.0
,Nebraska,31.0,80-84 years,80-84,36867.0
,Nebraska,31.0,85+ years,85+,43078.0
Total,Nebraska,31.0,,,1929268.0
,Nevada,32.0,< 1 year,1,35781.0
,Nevada,32.0,1-4 years,1-4,150214.0
,Nevada,32.0,5-9 years,5-9,191607.0
,Nevada,32.0,10-14 years,10-14,197022.0
,Nevada,32.0,15-19 years,15-19,181098.0
,Nevada,32.0,20-24 years,20-24,182064.0
,Nevada,32.0,25-29 years,25-29,227464.0
,Nevada,32.0,30-34 years,30-34,217908.0
,Nevada,32.0,35-39 years,35-39,210838.0
,Nevada,32.0,40-44 years,40-44,192315.0
,Nevada,32.0,45-49 years,45-49,201625.0
,Nevada,32.0,50-54 years,50-54,193714.0
,Nevada,32.0,55-59 years,55-59,194281.0
,Nevada,32.0,60-64 years ,60-64,182280.0
,Nevada,32.0,65-69 years,65-69,160427.0
,Nevada,32.0,70-74 years,70-74,132825.0
,Nevada,32.0,75-79 years,75-79,88212.0
,Nevada,32.0,80-84 years,80-84,51355.0
,Nevada,32.0,85+ years,85+,43362.0
Total,Nevada,32.0,,,3034392.0
,New Hampshire,33.0,< 1 year,1,12217.0
,New Hampshire,33.0,1-4 years,1-4,51803.0
,New Hampshire,33.0,5-9 years,5-9,69360.0
,New Hampshire,33.0,10-14 years,10-14,76114.0
,New Hampshire,33.0,15-19 years,15-19,85131.0
,New Hampshire,33.0,20-24 years,20-24,89682.0
,New Hampshire,33.0,25-29 years,25-29,85844.0
,New Hampshire,33.0,30-34 years,30-34,83231.0
,New Hampshire,33.0,35-39 years,35-39,79847.0
,New Hampshire,33.0,40-44 years,40-44,74827.0
,New Hampshire,33.0,45-49 years,45-49,89868.0
,New Hampshire,33.0,50-54 years,50-54,100374.0
,New Hampshire,33.0,55-59 years,55-59,110921.0
,New Hampshire,33.0,60-64 years ,60-64,101594.0
,New Hampshire,33.0,65-69 years,65-69,82879.0
,New Hampshire,33.0,70-74 years,70-74,64054.0
,New Hampshire,33.0,75-79 years,75-79,41515.0
,New Hampshire,33.0,80-84 years,80-84,26709.0
,New Hampshire,33.0,85+ years,85+,30488.0
Total,New Hampshire,33.0,,,1356458.0
,New Jersey,34.0,< 1 year,1,100364.0
,New Jersey,34.0,1-4 years,1-4,418264.0
,New Jersey,34.0,5-9 years,5-9,533562.0
,New Jersey,34.0,10-14 years,10-14,558614.0
,New Jersey,34.0,15-19 years,15-19,557815.0
,New Jersey,34.0,20-24 years,20-24,551030.0
,New Jersey,34.0,25-29 years,25-29,583053.0
,New Jersey,34.0,30-34 years,30-34,572786.0
,New Jersey,34.0,35-39 years,35-39,581487.0
,New Jersey,34.0,40-44 years,40-44,557813.0
,New Jersey,34.0,45-49 years,45-49,602340.0
,New Jersey,34.0,50-54 years,50-54,633534.0
,New Jersey,34.0,55-59 years,55-59,646773.0
,New Jersey,34.0,60-64 years ,60-64,572558.0
,New Jersey,34.0,65-69 years,65-69,451916.0
,New Jersey,34.0,70-74 years,70-74,358182.0
,New Jersey,34.0,75-79 years,75-79,253635.0
,New Jersey,34.0,80-84 years,80-84,172501.0
,New Jersey,34.0,85+ years,85+,202293.0
Total,New Jersey,34.0,,,8908520.0
,New Mexico,35.0,< 1 year,1,23668.0
,New Mexico,35.0,1-4 years,1-4,100578.0
,New Mexico,35.0,5-9 years,5-9,134822.0
,New Mexico,35.0,10-14 years,10-14,139941.0
,New Mexico,35.0,15-19 years,15-19,139052.0
,New Mexico,35.0,20-24 years,20-24,141547.0
,New Mexico,35.0,25-29 years,25-29,145687.0
,New Mexico,35.0,30-34 years,30-34,138148.0
,New Mexico,35.0,35-39 years,35-39,133594.0
,New Mexico,35.0,40-44 years,40-44,117190.0
,New Mexico,35.0,45-49 years,45-49,119283.0
,New Mexico,35.0,50-54 years,50-54,121582.0
,New Mexico,35.0,55-59 years,55-59,139264.0
,New Mexico,35.0,60-64 years ,60-64,134883.0
,New Mexico,35.0,65-69 years,65-69,121673.0
,New Mexico,35.0,70-74 years,70-74,96211.0
,New Mexico,35.0,75-79 years,75-79,64896.0
,New Mexico,35.0,80-84 years,80-84,42238.0
,New Mexico,35.0,85+ years,85+,41171.0
Total,New Mexico,35.0,,,2095428.0
,New York,36.0,< 1 year,1,227883.0
,New York,36.0,1-4 years,1-4,912559.0
,New York,36.0,5-9 years,5-9,1119326.0
,New York,36.0,10-14 years,10-14,1117870.0
,New York,36.0,15-19 years,15-19,1188292.0
,New York,36.0,20-24 years,20-24,1302338.0
,New York,36.0,25-29 years,25-29,1485577.0
,New York,36.0,30-34 years,30-34,1393216.0
,New York,36.0,35-39 years,35-39,1273063.0
,New York,36.0,40-44 years,40-44,1158801.0
,New York,36.0,45-49 years,45-49,1240014.0
,New York,36.0,50-54 years,50-54,1315115.0
,New York,36.0,55-59 years,55-59,1358693.0
,New York,36.0,60-64 years ,60-64,1235928.0
,New York,36.0,65-69 years,65-69,1017063.0
,New York,36.0,70-74 years,70-74,792057.0
,New York,36.0,75-79 years,75-79,559571.0
,New York,36.0,80-84 years,80-84,388524.0
,New York,36.0,85+ years,85+,456319.0
Total,New York,36.0,,,19542209.0
,North Carolina,37.0,< 1 year,1,118550.0
,North Carolina,37.0,1-4 years,1-4,491578.0
,North Carolina,37.0,5-9 years,5-9,628094.0
,North Carolina,37.0,10-14 years,10-14,664208.0
,North Carolina,37.0,15-19 years,15-19,684178.0
,North Carolina,37.0,20-24 years,20-24,697871.0
,North Carolina,37.0,25-29 years,25-29,728562.0
,North Carolina,37.0,30-34 years,30-34,664586.0
,North Carolina,37.0,35-39 years,35-39,658604.0
,North Carolina,37.0,40-44 years,40-44,637301.0
,North Carolina,37.0,45-49 years,45-49,697294.0
,North Carolina,37.0,50-54 years,50-54,680546.0
,North Carolina,37.0,55-59 years,55-59,695970.0
,North Carolina,37.0,60-64 years ,60-64,647013.0
,North Carolina,37.0,65-69 years,65-69,560023.0
,North Carolina,37.0,70-74 years,70-74,450435.0
,North Carolina,37.0,75-79 years,75-79,300671.0
,North Carolina,37.0,80-84 years,80-84,192387.0
,North Carolina,37.0,85+ years,85+,185749.0
Total,North Carolina,37.0,,,10383620.0
,North Dakota,38.0,< 1 year,1,10802.0
,North Dakota,38.0,1-4 years,1-4,43893.0
,North Dakota,38.0,5-9 years,5-9,50206.0
,North Dakota,38.0,10-14 years,10-14,47648.0
,North Dakota,38.0,15-19 years,15-19,47282.0
,North Dakota,38.0,20-24 years,20-24,63579.0
,North Dakota,38.0,25-29 years,25-29,61153.0
,North Dakota,38.0,30-34 years,30-34,53647.0
,North Dakota,38.0,35-39 years,35-39,49895.0
,North Dakota,38.0,40-44 years,40-44,40507.0
,North Dakota,38.0,45-49 years,45-49,39212.0
,North Dakota,38.0,50-54 years,50-54,40793.0
,North Dakota,38.0,55-59 years,55-59,48475.0
,North Dakota,38.0,60-64 years ,60-64,46348.0
,North Dakota,38.0,65-69 years,65-69,37277.0
,North Dakota,38.0,70-74 years,70-74,26945.0
,North Dakota,38.0,75-79 years,75-79,18962.0
,North Dakota,38.0,80-84 years,80-84,14657.0
,North Dakota,38.0,85+ years,85+,18796.0
Total,North Dakota,38.0,,,760077.0
,Ohio,39.0,< 1 year,1,134002.0
,Ohio,39.0,1-4 years,1-4,560787.0
,Ohio,39.0,5-9 years,5-9,708148.0
,Ohio,39.0,10-14 years,10-14,737787.0
,Ohio,39.0,15-19 years,15-19,761897.0
,Ohio,39.0,20-24 years,20-24,758902.0
,Ohio,39.0,25-29 years,25-29,806886.0
,Ohio,39.0,30-34 years,30-34,738394.0
,Ohio,39.0,35-39 years,35-39,724205.0
,Ohio,39.0,40-44 years,40-44,666987.0
,Ohio,39.0,45-49 years,45-49,732526.0
,Ohio,39.0,50-54 years,50-54,752351.0
,Ohio,39.0,55-59 years,55-59,821402.0
,Ohio,39.0,60-64 years ,60-64,790146.0
,Ohio,39.0,65-69 years,65-69,655007.0
,Ohio,39.0,70-74 years,70-74,495368.0
,Ohio,39.0,75-79 years,75-79,349819.0
,Ohio,39.0,80-84 years,80-84,238491.0
,Ohio,39.0,85+ years,85+,256337.0
Total,Ohio,39.0,,,11689442.0
,Oklahoma,40.0,< 1 year,1,50353.0
,Oklahoma,40.0,1-4 years,1-4,210076.0
,Oklahoma,40.0,5-9 years,5-9,267797.0
,Oklahoma,40.0,10-14 years,10-14,270110.0
,Oklahoma,40.0,15-19 years,15-19,264140.0
,Oklahoma,40.0,20-24 years,20-24,273690.0
,Oklahoma,40.0,25-29 years,25-29,280849.0
,Oklahoma,40.0,30-34 years,30-34,262369.0
,Oklahoma,40.0,35-39 years,35-39,261410.0
,Oklahoma,40.0,40-44 years,40-44,228978.0
,Oklahoma,40.0,45-49 years,45-49,232318.0
,Oklahoma,40.0,50-54 years,50-54,227992.0
,Oklahoma,40.0,55-59 years,55-59,255026.0
,Oklahoma,40.0,60-64 years ,60-64,238418.0
,Oklahoma,40.0,65-69 years,65-69,199427.0
,Oklahoma,40.0,70-74 years,70-74,159219.0
,Oklahoma,40.0,75-79 years,75-79,112935.0
,Oklahoma,40.0,80-84 years,80-84,74776.0
,Oklahoma,40.0,85+ years,85+,73196.0
Total,Oklahoma,40.0,,,3943079.0
,Oregon,41.0,< 1 year,1,45259.0
,Oregon,41.0,1-4 years,1-4,188955.0
,Oregon,41.0,5-9 years,5-9,242575.0
,Oregon,41.0,10-14 years,10-14,249214.0
,Oregon,41.0,15-19 years,15-19,246835.0
,Oregon,41.0,20-24 years,20-24,265773.0
,Oregon,41.0,25-29 years,25-29,302744.0
,Oregon,41.0,30-34 years,30-34,293741.0
,Oregon,41.0,35-39 years,35-39,294348.0
,Oregon,41.0,40-44 years,40-44,265419.0
,Oregon,41.0,45-49 years,45-49,264308.0
,Oregon,41.0,50-54 years,50-54,248366.0
,Oregon,41.0,55-59 years,55-59,270029.0
,Oregon,41.0,60-64 years ,60-64,274456.0
,Oregon,41.0,65-69 years,65-69,253268.0
,Oregon,41.0,70-74 years,70-74,194924.0
,Oregon,41.0,75-79 years,75-79,127826.0
,Oregon,41.0,80-84 years,80-84,78648.0
,Oregon,41.0,85+ years,85+,84025.0
Total,Oregon,41.0,,,4190713.0
,Pennsylvania,42.0,< 1 year,1,135446.0
,Pennsylvania,42.0,1-4 years,1-4,567551.0
,Pennsylvania,42.0,5-9 years,5-9,725614.0
,Pennsylvania,42.0,10-14 years,10-14,755233.0
,Pennsylvania,42.0,15-19 years,15-19,810300.0
,Pennsylvania,42.0,20-24 years,20-24,815049.0
,Pennsylvania,42.0,25-29 years,25-29,870748.0
,Pennsylvania,42.0,30-34 years,30-34,830358.0
,Pennsylvania,42.0,35-39 years,35-39,782766.0
,Pennsylvania,42.0,40-44 years,40-44,715779.0
,Pennsylvania,42.0,45-49 years,45-49,797593.0
,Pennsylvania,42.0,50-54 years,50-54,855188.0
,Pennsylvania,42.0,55-59 years,55-59,921795.0
,Pennsylvania,42.0,60-64 years ,60-64,888010.0
,Pennsylvania,42.0,65-69 years,65-69,737898.0
,Pennsylvania,42.0,70-74 years,70-74,572852.0
,Pennsylvania,42.0,75-79 years,75-79,407338.0
,Pennsylvania,42.0,80-84 years,80-84,283299.0
,Pennsylvania,42.0,85+ years,85+,334243.0
Total,Pennsylvania,42.0,,,12807060.0
,Rhode Island,44.0,< 1 year,1,10557.0
,Rhode Island,44.0,1-4 years,1-4,43856.0
,Rhode Island,44.0,5-9 years,5-9,54840.0
,Rhode Island,44.0,10-14 years,10-14,58821.0
,Rhode Island,44.0,15-19 years,15-19,71426.0
,Rhode Island,44.0,20-24 years,20-24,76616.0
,Rhode Island,44.0,25-29 years,25-29,76369.0
,Rhode Island,44.0,30-34 years,30-34,69862.0
,Rhode Island,44.0,35-39 years,35-39,65405.0
,Rhode Island,44.0,40-44 years,40-44,58781.0
,Rhode Island,44.0,45-49 years,45-49,66143.0
,Rhode Island,44.0,50-54 years,50-54,73227.0
,Rhode Island,44.0,55-59 years,55-59,76974.0
,Rhode Island,44.0,60-64 years ,60-64,72184.0
,Rhode Island,44.0,65-69 years,65-69,57725.0
,Rhode Island,44.0,70-74 years,70-74,44870.0
,Rhode Island,44.0,75-79 years,75-79,30741.0
,Rhode Island,44.0,80-84 years,80-84,21066.0
,Rhode Island,44.0,85+ years,85+,27852.0
Total,Rhode Island,44.0,,,1057315.0
,South Carolina,45.0,< 1 year,1,55932.0
,South Carolina,45.0,1-4 years,1-4,236459.0
,South Carolina,45.0,5-9 years,5-9,306255.0
,South Carolina,45.0,10-14 years,10-14,319554.0
,South Carolina,45.0,15-19 years,15-19,323894.0
,South Carolina,45.0,20-24 years,20-24,332074.0
,South Carolina,45.0,25-29 years,25-29,354451.0
,South Carolina,45.0,30-34 years,30-34,319439.0
,South Carolina,45.0,35-39 years,35-39,316074.0
,South Carolina,45.0,40-44 years,40-44,295323.0
,South Carolina,45.0,45-49 years,45-49,320122.0
,South Carolina,45.0,50-54 years,50-54,326336.0
,South Carolina,45.0,55-59 years,55-59,344755.0
,South Carolina,45.0,60-64 years ,60-64,333544.0
,South Carolina,45.0,65-69 years,65-69,302279.0
,South Carolina,45.0,70-74 years,70-74,247552.0
,South Carolina,45.0,75-79 years,75-79,163274.0
,South Carolina,45.0,80-84 years,80-84,97835.0
,South Carolina,45.0,85+ years,85+,88975.0
Total,South Carolina,45.0,,,5084127.0
,South Dakota,46.0,< 1 year,1,12109.0
,South Dakota,46.0,1-4 years,1-4,50023.0
,South Dakota,46.0,5-9 years,5-9,60762.0
,South Dakota,46.0,10-14 years,10-14,60882.0
,South Dakota,46.0,15-19 years,15-19,57674.0
,South Dakota,46.0,20-24 years,20-24,59585.0
,South Dakota,46.0,25-29 years,25-29,58754.0
,South Dakota,46.0,30-34 years,30-34,57341.0
,South Dakota,46.0,35-39 years,35-39,56007.0
,South Dakota,46.0,40-44 years,40-44,47902.0
,South Dakota,46.0,45-49 years,45-49,47241.0
,South Dakota,46.0,50-54 years,50-54,49840.0
,South Dakota,46.0,55-59 years,55-59,59311.0
,South Dakota,46.0,60-64 years ,60-64,57950.0
,South Dakota,46.0,65-69 years,65-69,50160.0
,South Dakota,46.0,70-74 years,70-74,34890.0
,South Dakota,46.0,75-79 years,75-79,23666.0
,South Dakota,46.0,80-84 years,80-84,17147.0
,South Dakota,46.0,85+ years,85+,20991.0
Total,South Dakota,46.0,,,882235.0
,Tennessee,47.0,< 1 year,1,78974.0
,Tennessee,47.0,1-4 years,1-4,327600.0
,Tennessee,47.0,5-9 years,5-9,412340.0
,Tennessee,47.0,10-14 years,10-14,430114.0
,Tennessee,47.0,15-19 years,15-19,425325.0
,Tennessee,47.0,20-24 years,20-24,445657.0
,Tennessee,47.0,25-29 years,25-29,492464.0
,Tennessee,47.0,30-34 years,30-34,438603.0
,Tennessee,47.0,35-39 years,35-39,432883.0
,Tennessee,47.0,40-44 years,40-44,407384.0
,Tennessee,47.0,45-49 years,45-49,442810.0
,Tennessee,47.0,50-54 years,50-54,439985.0
,Tennessee,47.0,55-59 years,55-59,456537.0
,Tennessee,47.0,60-64 years ,60-64,429637.0
,Tennessee,47.0,65-69 years,65-69,366920.0
,Tennessee,47.0,70-74 years,70-74,294682.0
,Tennessee,47.0,75-79 years,75-79,201335.0
,Tennessee,47.0,80-84 years,80-84,126698.0
,Tennessee,47.0,85+ years,85+,120062.0
Total,Tennessee,47.0,,,6770010.0
,Texas,48.0,< 1 year,1,390665.0
,Texas,48.0,1-4 years,1-4,1633461.0
,Texas,48.0,5-9 years,5-9,2047747.0
,Texas,48.0,10-14 years,10-14,2091419.0
,Texas,48.0,15-19 years,15-19,2032343.0
,Texas,48.0,20-24 years,20-24,1998543.0
,Texas,48.0,25-29 years,25-29,2159807.0
,Texas,48.0,30-34 years,30-34,2076521.0
,Texas,48.0,35-39 years,35-39,2030827.0
,Texas,48.0,40-44 years,40-44,1850945.0
,Texas,48.0,45-49 years,45-49,1847367.0
,Texas,48.0,50-54 years,50-54,1705590.0
,Texas,48.0,55-59 years,55-59,1712901.0
,Texas,48.0,60-64 years ,60-64,1521389.0
,Texas,48.0,65-69 years,65-69,1226455.0
,Texas,48.0,70-74 years,70-74,940074.0
,Texas,48.0,75-79 years,75-79,627316.0
,Texas,48.0,80-84 years,80-84,407976.0
,Texas,48.0,85+ years,85+,400499.0
Total,Texas,48.0,,,28701845.0
,Utah,49.0,< 1 year,1,50160.0
,Utah,49.0,1-4 years,1-4,202844.0
,Utah,49.0,5-9 years,5-9,259078.0
,Utah,49.0,10-14 years,10-14,266799.0
,Utah,49.0,15-19 years,15-19,248985.0
,Utah,49.0,20-24 years,20-24,260906.0
,Utah,49.0,25-29 years,25-29,247231.0
,Utah,49.0,30-34 years,30-34,217677.0
,Utah,49.0,35-39 years,35-39,231359.0
,Utah,49.0,40-44 years,40-44,203255.0
,Utah,49.0,45-49 years,45-49,172668.0
,Utah,49.0,50-54 years,50-54,149505.0
,Utah,49.0,55-59 years,55-59,155362.0
,Utah,49.0,60-64 years ,60-64,144798.0
,Utah,49.0,65-69 years,65-69,119503.0
,Utah,49.0,70-74 years,70-74,90368.0
,Utah,49.0,75-79 years,75-79,62027.0
,Utah,49.0,80-84 years,80-84,40804.0
,Utah,49.0,85+ years,85+,37776.0
Total,Utah,49.0,,,3161105.0
,Vermont,50.0,< 1 year,1,5632.0
,Vermont,50.0,1-4 years,1-4,24049.0
,Vermont,50.0,5-9 years,5-9,31272.0
,Vermont,50.0,10-14 years,10-14,33761.0
,Vermont,50.0,15-19 years,15-19,42285.0
,Vermont,50.0,20-24 years,20-24,46193.0
,Vermont,50.0,25-29 years,25-29,37533.0
,Vermont,50.0,30-34 years,30-34,36558.0
,Vermont,50.0,35-39 years,35-39,36604.0
,Vermont,50.0,40-44 years,40-44,33997.0
,Vermont,50.0,45-49 years,45-49,38532.0
,Vermont,50.0,50-54 years,50-54,42187.0
,Vermont,50.0,55-59 years,55-59,48697.0
,Vermont,50.0,60-64 years ,60-64,47792.0
,Vermont,50.0,65-69 years,65-69,41336.0
,Vermont,50.0,70-74 years,70-74,31557.0
,Vermont,50.0,75-79 years,75-79,20710.0
,Vermont,50.0,80-84 years,80-84,13183.0
,Vermont,50.0,85+ years,85+,14421.0
Total,Vermont,50.0,,,626299.0
,Virginia,51.0,< 1 year,1,99261.0
,Virginia,51.0,1-4 years,1-4,411663.0
,Virginia,51.0,5-9 years,5-9,514457.0
,Virginia,51.0,10-14 years,10-14,528362.0
,Virginia,51.0,15-19 years,15-19,542284.0
,Virginia,51.0,20-24 years,20-24,578812.0
,Virginia,51.0,25-29 years,25-29,604186.0
,Virginia,51.0,30-34 years,30-34,586120.0
,Virginia,51.0,35-39 years,35-39,578634.0
,Virginia,51.0,40-44 years,40-44,526249.0
,Virginia,51.0,45-49 years,45-49,558081.0
,Virginia,51.0,50-54 years,50-54,567303.0
,Virginia,51.0,55-59 years,55-59,583042.0
,Virginia,51.0,60-64 years ,60-64,523830.0
,Virginia,51.0,65-69 years,65-69,432802.0
,Virginia,51.0,70-74 years,70-74,346236.0
,Virginia,51.0,75-79 years,75-79,235193.0
,Virginia,51.0,80-84 years,80-84,149278.0
,Virginia,51.0,85+ years,85+,151892.0
Total,Virginia,51.0,,,8517685.0
,Washington,53.0,< 1 year,1,90662.0
,Washington,53.0,1-4 years,1-4,372039.0
,Washington,53.0,5-9 years,5-9,466916.0
,Washington,53.0,10-14 years,10-14,462802.0
,Washington,53.0,15-19 years,15-19,447049.0
,Washington,53.0,20-24 years,20-24,481263.0
,Washington,53.0,25-29 years,25-29,589604.0
,Washington,53.0,30-34 years,30-34,563753.0
,Washington,53.0,35-39 years,35-39,536144.0
,Washington,53.0,40-44 years,40-44,466725.0
,Washington,53.0,45-49 years,45-49,474408.0
,Washington,53.0,50-54 years,50-54,459123.0
,Washington,53.0,55-59 years,55-59,491676.0
,Washington,53.0,60-64 years ,60-64,469195.0
,Washington,53.0,65-69 years,65-69,401689.0
,Washington,53.0,70-74 years,70-74,307119.0
,Washington,53.0,75-79 years,75-79,198092.0
,Washington,53.0,80-84 years,80-84,123949.0
,Washington,53.0,85+ years,85+,133383.0
Total,Washington,53.0,,,7535591.0
,West Virginia,54.0,< 1 year,1,17871.0
,West Virginia,54.0,1-4 years,1-4,77386.0
,West Virginia,54.0,5-9 years,5-9,101043.0
,West Virginia,54.0,10-14 years,10-14,104388.0
,West Virginia,54.0,15-19 years,15-19,107227.0
,West Virginia,54.0,20-24 years,20-24,113094.0
,West Virginia,54.0,25-29 years,25-29,113614.0
,West Virginia,54.0,30-34 years,30-34,101748.0
,West Virginia,54.0,35-39 years,35-39,109230.0
,West Virginia,54.0,40-44 years,40-44,107530.0
,West Virginia,54.0,45-49 years,45-49,116488.0
,West Virginia,54.0,50-54 years,50-54,117965.0
,West Virginia,54.0,55-59 years,55-59,127758.0
,West Virginia,54.0,60-64 years ,60-64,130612.0
,West Virginia,54.0,65-69 years,65-69,119700.0
,West Virginia,54.0,70-74 years,70-74,93137.0
,West Virginia,54.0,75-79 years,75-79,64373.0
,West Virginia,54.0,80-84 years,80-84,42768.0
,West Virginia,54.0,85+ years,85+,39900.0
Total,West Virginia,54.0,,,1805832.0
,Wisconsin,55.0,< 1 year,1,64588.0
,Wisconsin,55.0,1-4 years,1-4,269794.0
,Wisconsin,55.0,5-9 years,5-9,349799.0
,Wisconsin,55.0,10-14 years,10-14,369348.0
,Wisconsin,55.0,15-19 years,15-19,378418.0
,Wisconsin,55.0,20-24 years,20-24,395921.0
,Wisconsin,55.0,25-29 years,25-29,374435.0
,Wisconsin,55.0,30-34 years,30-34,362942.0
,Wisconsin,55.0,35-39 years,35-39,371797.0
,Wisconsin,55.0,40-44 years,40-44,332919.0
,Wisconsin,55.0,45-49 years,45-49,352344.0
,Wisconsin,55.0,50-54 years,50-54,385213.0
,Wisconsin,55.0,55-59 years,55-59,425757.0
,Wisconsin,55.0,60-64 years ,60-64,394820.0
,Wisconsin,55.0,65-69 years,65-69,329181.0
,Wisconsin,55.0,70-74 years,70-74,242442.0
,Wisconsin,55.0,75-79 years,75-79,169120.0
,Wisconsin,55.0,80-84 years,80-84,116094.0
,Wisconsin,55.0,85+ years,85+,128636.0
Total,Wisconsin,55.0,,,5813568.0
,Wyoming,56.0,< 1 year,1,6823.0
,Wyoming,56.0,1-4 years,1-4,29089.0
,Wyoming,56.0,5-9 years,5-9,37847.0
,Wyoming,56.0,10-14 years,10-14,39104.0
,Wyoming,56.0,15-19 years,15-19,36313.0
,Wyoming,56.0,20-24 years,20-24,37966.0
,Wyoming,56.0,25-29 years,25-29,38879.0
,Wyoming,56.0,30-34 years,30-34,38899.0
,Wyoming,56.0,35-39 years,35-39,39158.0
,Wyoming,56.0,40-44 years,40-44,33555.0
,Wyoming,56.0,45-49 years,45-49,32540.0
,Wyoming,56.0,50-54 years,50-54,32340.0
,Wyoming,56.0,55-59 years,55-59,39394.0
,Wyoming,56.0,60-64 years ,60-64,40455.0
,Wyoming,56.0,65-69 years,65-69,33583.0
,Wyoming,56.0,70-74 years,70-74,24585.0
,Wyoming,56.0,75-79 years,75-79,16203.0
,Wyoming,56.0,80-84 years,80-84,10323.0
,Wyoming,56.0,85+ years,85+,10681.0
Total,Wyoming,56.0,,,577737.0
Total,,,,,327167434.0
---,,,,,
Dataset: Bridged-Race Population Estimates 1990-2018,,,,,
Query Parameters:,,,,,
Age Group: < 1 year; 1-4 years; 5-9 years; 10-14 years; 15-19 years; 20-24 years; 25-29 years; 30-34 years; 35-39 years; 40-44,,,,,
years; 45-49 years; 50-54 years; 55-59 years; 60-64 years ; 65-69 years; 70-74 years; 75-79 years; 80-84 years; 85+ years,,,,,
Ethnicity: Hispanic or Latino; Not Hispanic or Latino,,,,,
Race: American Indian or Alaska Native; Asian or Pacific Islander; Black or African American; White,,,,,
Yearly July 1st Estimates: 2018,,,,,
Group By: State; Age Group,,,,,
Show Totals: True,,,,,
Show Zero Values: False,,,,,
Data Table: Default,,,,,
---,,,,,
Help: See http://wonder.cdc.gov/wonder/help/bridged-race.html for more information.,,,,,
---,,,,,
"Query Date: Jul 22, 2020 12:03:08 PM",,,,,
---,,,,,
"Suggested Citation: United States Department of Health and Human Services (US DHHS), Centers for Disease Control and Prevention",,,,,
"(CDC), National Center for Health Statistics (NCHS), Bridged-Race Population Estimates, United States July 1st resident",,,,,
"population by state, county, age, sex, bridged-race, and Hispanic origin. Compiled from 1990-1999 bridged-race intercensal",,,,,
population estimates (released by NCHS on 7/26/2004); revised bridged-race 2000-2009 intercensal population estimates (released,,,,,
by NCHS on 10/26/2012); and bridged-race Vintage 2018 (2010-2018) postcensal population estimates (released by NCHS on,,,,,
"6/25/2019). Available on CDC WONDER Online Database. Accessed at http://wonder.cdc.gov/bridged-race-v2018.html on Jul 22, 2020",,,,,
12:03:08 PM,,,,,
---,,,,,
Footnotes:,,,,,
1. Estimates for 1990-1999 are bridged-race intercensal population estimates of the July 1 resident population. Estimates for,,,,,
2000-2009 are revised bridged-race intercensal estimates of the July 1 resident population. Estimates for 2010-2018 are,,,,,
bridged-race Vintage 2018 postcensal estimates of the July 1 resident population. These estimates were prepared by the Census,,,,,
Bureau in collaboration with NCHS.,,,,,
---,,,,,
Caveats:,,,,,
